timestamp,temperature,rain,light,soil,decision2026-01-07 23:19:44,36.52,True,MEDIUM,DRY,OPEN
2026-01-07 23:19:50,25.22,False,MEDIUM,WET,CLOSE
2026-01-07 23:19:55,37.59,True,LOW,MOIST,OPEN
2026-01-07 23:20:00,32.55,False,MEDIUM,DRY,OPEN
2026-01-07 23:20:05,25.36,False,MEDIUM,MOIST,CLOSE
2026-01-07 23:23:18,38.3,False,LOW,MOIST,OPEN
2026-01-07 23:23:23,27.87,True,MEDIUM,DRY,OPEN
2026-01-07 23:35:42,36.54,False,LOW,WET,OPEN
2026-01-07 23:35:47,28.63,True,HIGH,DRY,OPEN
2026-01-07 23:35:52,36.84,False,MEDIUM,MOIST,OPEN
2026-01-07 23:35:57,37.88,True,HIGH,MOIST,OPEN
2026-01-07 23:36:02,31.02,False,MEDIUM,WET,CLOSE
2026-01-08 00:57:51,27.78,False,LOW,WET,CLOSE
2026-01-08 00:57:56,27.74,False,HIGH,DRY,CLOSE
2026-01-08 00:59:44,34.91,True,LOW,MOIST,OPEN
2026-01-08 01:07:59,36.59,True,MEDIUM,WET,CLOSE
2026-01-08 01:08:04,30.22,False,HIGH,DRY,CLOSE
2026-01-08 01:08:09,26.12,False,LOW,DRY,CLOSE
2026-01-08 01:08:14,29.01,False,MEDIUM,MOIST,CLOSE
2026-01-08 01:13:15,29.97,False,LOW,DRY,CLOSE
2026-01-08 01:13:20,33.4,False,MEDIUM,DRY,CLOSE
2026-01-08 01:13:38,38.74,False,HIGH,MOIST,OPEN
2026-01-08 01:13:43,29.85,False,HIGH,MOIST,OPEN
2026-01-08 01:13:48,36.6,True,LOW,DRY,OPEN
2026-01-08 01:13:53,35.7,True,LOW,MOIST,OPEN
2026-01-08 01:13:58,32.97,True,HIGH,WET,OPEN
2026-01-08 01:14:03,31.39,False,MEDIUM,WET,CLOSE
2026-01-08 01:14:08,25.17,True,LOW,WET,OPEN
2026-01-08 01:14:13,30.43,False,HIGH,DRY,OPEN
2026-01-08 01:31:09,28.56,True,LOW,WET,OPEN
2026-01-08 01:31:14,36.33,False,LOW,WET,OPEN
2026-01-08 01:31:19,31.08,True,LOW,MOIST,OPEN
2026-01-08 01:38:14,30.88,True,HIGH,MOIST,OPEN
2026-01-08 01:38:19,35.73,False,MEDIUM,WET,OPEN
2026-01-08 01:38:24,31.48,False,LOW,WET,CLOSE
2026-01-08 01:38:29,32.65,False,MEDIUM,MOIST,CLOSE
2026-01-08 01:38:34,33.35,False,MEDIUM,WET,CLOSE
2026-01-08 01:38:39,32.7,False,LOW,MOIST,CLOSE
2026-01-08 01:38:44,33.89,False,HIGH,MOIST,OPEN
2026-01-08 01:38:49,34.52,True,LOW,DRY,OPEN
2026-01-08 01:38:54,35.59,False,MEDIUM,MOIST,OPEN
2026-01-08 01:38:59,30.62,False,HIGH,DRY,OPEN
2026-01-08 01:39:04,27.96,True,LOW,WET,OPEN
2026-01-08 01:39:09,26.55,True,LOW,MOIST,OPEN
2026-01-08 01:39:14,27.59,False,HIGH,DRY,OPEN
2026-01-08 01:39:19,30.58,True,LOW,WET,OPEN
2026-01-08 01:39:24,38.35,False,LOW,WET,OPEN
2026-01-08 01:39:29,26.31,False,LOW,WET,CLOSE
2026-01-08 01:39:34,35.95,True,LOW,DRY,OPEN
2026-01-08 01:39:39,32.28,True,MEDIUM,WET,OPEN
2026-01-08 01:39:44,34.89,False,LOW,DRY,OPEN
2026-01-08 01:39:49,28.79,True,LOW,MOIST,OPEN
2026-01-08 01:39:54,34.54,True,MEDIUM,WET,OPEN
2026-01-08 01:39:59,30.51,True,MEDIUM,WET,OPEN
2026-01-08 01:40:04,36.1,False,HIGH,DRY,OPEN
2026-01-08 01:40:09,39.31,True,LOW,DRY,OPEN
2026-01-08 01:47:49,26.42,True,LOW,MOIST,OPEN
2026-01-08 01:47:54,38.8,False,MEDIUM,MOIST,OPEN
2026-01-08 01:47:59,37.94,False,HIGH,DRY,OPEN
2026-01-08 01:48:04,28.3,True,MEDIUM,WET,OPEN
2026-01-08 01:48:09,32.18,False,MEDIUM,MOIST,CLOSE
2026-01-08 01:48:14,37.98,False,LOW,WET,OPEN
2026-01-08 01:48:19,37.45,True,LOW,DRY,OPEN
2026-01-08 01:48:24,39.43,True,MEDIUM,MOIST,OPEN
2026-01-08 01:48:29,29.24,True,MEDIUM,DRY,OPEN
2026-01-08 01:48:34,31.78,True,MEDIUM,WET,OPEN
2026-01-08 01:48:39,25.7,False,LOW,MOIST,CLOSE
2026-01-08 01:48:44,30.86,False,MEDIUM,MOIST,CLOSE
2026-01-08 01:48:49,33.42,False,MEDIUM,MOIST,CLOSE
2026-01-08 01:48:54,26.99,True,HIGH,WET,OPEN
2026-01-08 01:48:59,28.23,False,LOW,WET,CLOSE
2026-01-08 01:49:04,31.8,False,LOW,MOIST,CLOSE
2026-01-08 01:49:09,37.1,False,MEDIUM,WET,OPEN
2026-01-08 01:57:39,27.51,True,MEDIUM,WET,OPEN
2026-01-08 01:57:44,25.33,False,HIGH,MOIST,OPEN
2026-01-08 01:57:49,31.83,True,MEDIUM,DRY,OPEN
2026-01-08 01:57:54,39.7,True,MEDIUM,DRY,OPEN
2026-01-08 01:57:59,37.66,False,HIGH,DRY,OPEN
2026-01-08 01:58:04,35.91,True,MEDIUM,DRY,OPEN
2026-01-08 01:58:09,28.78,False,HIGH,MOIST,OPEN
2026-01-08 01:58:14,28.82,False,MEDIUM,WET,CLOSE
2026-01-08 01:58:19,35.11,False,MEDIUM,WET,OPEN
2026-01-08 01:58:24,38.0,True,HIGH,MOIST,OPEN
2026-01-08 01:58:29,34.71,False,MEDIUM,MOIST,CLOSE
2026-01-08 01:58:34,28.18,False,HIGH,WET,OPEN
2026-01-08 01:58:39,33.97,False,LOW,WET,CLOSE
2026-01-08 01:58:44,29.6,True,HIGH,DRY,OPEN
2026-01-08 01:58:50,34.77,True,HIGH,MOIST,OPEN
2026-01-08 01:58:55,34.09,True,HIGH,MOIST,OPEN
2026-01-08 01:59:00,25.1,False,HIGH,MOIST,OPEN
2026-01-08 01:59:05,34.14,False,LOW,DRY,OPEN
2026-01-08 01:59:10,34.86,False,MEDIUM,WET,CLOSE
2026-01-08 01:59:15,27.7,True,HIGH,DRY,OPEN
2026-01-08 01:59:20,30.03,True,MEDIUM,MOIST,OPEN
2026-01-08 01:59:25,28.23,False,MEDIUM,MOIST,CLOSE
2026-01-08 01:59:30,29.21,False,HIGH,WET,OPEN
2026-01-08 01:59:35,39.89,False,MEDIUM,DRY,OPEN
2026-01-08 01:59:40,27.24,False,HIGH,WET,OPEN
2026-01-08 01:59:45,33.79,False,LOW,MOIST,CLOSE
2026-01-08 01:59:50,39.4,True,LOW,DRY,OPEN
2026-01-08 01:59:55,35.11,True,HIGH,MOIST,OPEN
2026-01-08 02:00:00,33.5,True,MEDIUM,DRY,OPEN
2026-01-08 02:00:05,32.15,False,HIGH,MOIST,OPEN
2026-01-08 02:00:10,32.77,False,MEDIUM,WET,CLOSE
2026-01-08 02:00:15,25.32,False,HIGH,DRY,OPEN
2026-01-08 02:01:33,31.47,True,LOW,DRY,OPEN
2026-01-08 02:01:38,33.47,True,HIGH,DRY,OPEN
2026-01-08 02:01:43,33.51,False,HIGH,DRY,OPEN
2026-01-08 02:01:48,35.72,False,HIGH,DRY,OPEN
2026-01-08 02:01:53,32.63,False,LOW,MOIST,CLOSE
2026-01-08 02:01:58,26.71,False,LOW,MOIST,CLOSE
2026-01-08 02:02:03,25.33,False,LOW,MOIST,CLOSE
2026-01-08 02:02:08,31.84,False,MEDIUM,MOIST,CLOSE
2026-01-08 02:02:13,32.74,True,LOW,DRY,OPEN
2026-01-08 02:02:18,32.08,False,LOW,MOIST,CLOSE
2026-01-08 02:02:23,39.47,False,MEDIUM,MOIST,CLOSE
2026-01-08 02:02:28,26.95,True,HIGH,MOIST,OPEN
2026-01-08 02:02:33,30.76,False,LOW,WET,CLOSE
2026-01-08 02:02:38,30.65,False,LOW,WET,CLOSE
2026-01-08 02:02:43,31.78,False,HIGH,MOIST,CLOSE
2026-01-08 02:02:48,38.22,True,HIGH,DRY,CLOSE
2026-01-08 02:02:53,26.66,False,LOW,WET,CLOSE
2026-01-08 02:02:58,31.59,False,HIGH,DRY,OPEN
2026-01-08 02:03:03,39.43,False,HIGH,MOIST,OPEN
2026-01-08 02:03:08,35.62,False,HIGH,MOIST,OPEN
2026-01-08 02:03:13,31.58,False,LOW,WET,CLOSE
2026-01-08 02:03:18,28.1,False,HIGH,WET,CLOSE
2026-01-08 02:03:23,32.46,False,MEDIUM,DRY,CLOSE
2026-01-08 02:03:28,27.24,True,LOW,WET,CLOSE
2026-01-08 02:17:22,33.0,True,MEDIUM,DRY,CLOSE
2026-01-08 02:17:27,34.52,False,MEDIUM,DRY,CLOSE
2026-01-08 02:17:32,34.62,True,MEDIUM,WET,CLOSE
2026-01-08 02:17:37,32.13,False,LOW,DRY,CLOSE
2026-01-08 02:17:42,38.97,False,MEDIUM,WET,OPEN
2026-01-08 02:17:47,35.01,True,MEDIUM,DRY,OPEN
2026-01-08 02:17:52,33.41,False,LOW,DRY,OPEN
2026-01-08 02:17:57,27.63,False,MEDIUM,MOIST,CLOSE
2026-01-08 02:18:02,38.07,True,LOW,WET,OPEN
2026-01-08 02:18:07,32.06,False,HIGH,WET,OPEN
2026-01-08 02:18:12,36.32,False,LOW,DRY,OPEN
2026-01-08 02:18:17,35.82,True,LOW,MOIST,OPEN
2026-01-08 02:44:45,37.89,True,HIGH,DRY,OPEN
2026-01-08 02:44:50,39.51,False,MEDIUM,DRY,OPEN
2026-01-08 02:44:55,30.45,False,LOW,WET,CLOSE
2026-01-08 02:45:00,35.2,True,LOW,DRY,OPEN
2026-01-08 02:45:05,32.11,False,MEDIUM,WET,CLOSE
2026-01-08 02:45:10,37.23,False,LOW,DRY,OPEN
2026-01-08 02:45:15,32.25,True,MEDIUM,MOIST,OPEN
2026-01-08 02:45:20,31.86,False,LOW,WET,CLOSE
2026-01-08 02:45:25,37.4,True,LOW,WET,OPEN
2026-01-08 02:45:30,31.76,False,HIGH,DRY,OPEN
2026-01-08 02:45:35,33.75,False,MEDIUM,MOIST,CLOSE
2026-01-08 02:45:40,31.49,False,LOW,MOIST,CLOSE
2026-01-08 02:45:45,33.0,True,MEDIUM,WET,OPEN
2026-01-08 02:45:50,31.47,True,HIGH,DRY,OPEN
2026-01-08 02:45:55,33.44,True,HIGH,DRY,OPEN
2026-01-08 02:46:00,39.44,False,HIGH,WET,OPEN
2026-01-08 02:46:05,39.81,False,HIGH,DRY,OPEN
2026-01-08 02:46:10,31.95,True,MEDIUM,WET,OPEN
2026-01-08 02:46:15,37.53,True,HIGH,DRY,OPEN
2026-01-08 02:46:20,31.18,True,LOW,WET,OPEN
2026-01-08 02:46:25,25.94,False,LOW,DRY,OPEN
2026-01-08 02:46:30,33.65,False,HIGH,DRY,OPEN
2026-01-08 02:46:35,25.7,True,MEDIUM,MOIST,OPEN
2026-01-08 02:46:40,30.91,False,HIGH,MOIST,OPEN
2026-01-08 02:46:45,31.29,False,LOW,DRY,OPEN
2026-01-08 02:46:50,35.5,True,HIGH,WET,OPEN
2026-01-08 02:46:55,26.22,True,LOW,MOIST,OPEN
2026-01-08 02:47:00,31.38,True,MEDIUM,MOIST,OPEN
2026-01-08 02:47:05,33.09,True,MEDIUM,MOIST,OPEN
2026-01-08 02:47:10,27.63,False,LOW,WET,CLOSE
2026-01-08 02:47:15,34.15,True,LOW,MOIST,OPEN
2026-01-08 02:47:20,27.26,False,HIGH,DRY,OPEN
2026-01-08 02:47:41,33.45,False,MEDIUM,WET,CLOSE
2026-01-08 02:47:46,30.13,True,MEDIUM,WET,OPEN
2026-01-08 02:47:51,37.9,True,LOW,MOIST,OPEN
2026-01-08 02:47:56,34.55,True,HIGH,DRY,OPEN
2026-01-08 02:48:01,27.27,False,MEDIUM,WET,CLOSE
2026-01-08 02:48:06,30.34,True,MEDIUM,DRY,OPEN
2026-01-08 02:48:11,31.09,True,HIGH,DRY,OPEN
2026-01-08 02:48:16,35.01,False,LOW,MOIST,OPEN
2026-01-08 02:48:21,38.43,False,LOW,DRY,OPEN
2026-01-08 02:48:26,38.8,True,LOW,DRY,OPEN
2026-01-08 02:48:31,34.77,True,LOW,WET,OPEN
2026-01-08 02:48:36,36.08,False,MEDIUM,MOIST,OPEN
2026-01-08 02:48:41,30.31,True,HIGH,MOIST,OPEN
2026-01-08 02:48:46,31.0,False,HIGH,DRY,OPEN
2026-01-08 02:48:51,38.93,False,LOW,DRY,OPEN
2026-01-08 02:48:56,35.89,True,LOW,DRY,OPEN
2026-01-08 02:49:01,25.72,False,HIGH,DRY,OPEN
2026-01-08 02:49:06,38.5,True,MEDIUM,WET,OPEN
2026-01-08 02:49:11,33.28,False,HIGH,DRY,CLOSE
2026-01-08 02:49:16,39.47,True,HIGH,DRY,CLOSE
2026-01-08 02:49:21,28.86,False,MEDIUM,DRY,CLOSE
2026-01-08 02:49:26,27.09,False,MEDIUM,WET,CLOSE
2026-01-08 02:49:31,29.71,False,HIGH,MOIST,OPEN
2026-01-08 02:49:36,31.86,False,LOW,WET,OPEN
2026-01-08 02:49:41,37.71,True,MEDIUM,DRY,OPEN
2026-01-08 02:49:46,26.33,False,MEDIUM,DRY,OPEN
2026-01-08 02:49:51,26.71,True,MEDIUM,DRY,OPEN
2026-01-08 03:10:53,26.87,False,MEDIUM,WET,CLOSE
2026-01-08 03:10:58,38.71,False,HIGH,MOIST,OPEN
2026-01-08 03:11:03,36.75,True,MEDIUM,WET,OPEN
2026-01-08 03:11:08,30.76,False,HIGH,DRY,OPEN
2026-01-08 03:11:13,37.35,True,HIGH,DRY,OPEN
2026-01-08 03:11:18,34.71,True,HIGH,DRY,OPEN
2026-01-08 03:11:23,26.31,False,LOW,DRY,OPEN
2026-01-08 03:11:28,39.56,False,MEDIUM,MOIST,CLOSE
2026-01-08 03:11:33,38.7,False,HIGH,WET,OPEN
2026-01-08 03:11:38,25.74,True,MEDIUM,DRY,OPEN
2026-01-08 03:11:43,26.0,False,MEDIUM,DRY,OPEN
2026-01-08 03:11:48,39.16,False,LOW,MOIST,CLOSE
2026-01-08 03:11:53,32.37,True,HIGH,WET,OPEN
2026-01-08 03:11:58,32.67,True,LOW,MOIST,OPEN
2026-01-08 03:12:03,35.56,False,LOW,WET,OPEN
2026-01-08 03:12:08,26.72,True,LOW,MOIST,OPEN
2026-01-08 03:12:13,26.27,True,LOW,DRY,OPEN
2026-01-08 03:12:18,27.65,False,MEDIUM,MOIST,OPEN
2026-01-08 03:12:23,35.13,True,MEDIUM,MOIST,OPEN
2026-01-08 03:12:28,27.04,True,HIGH,DRY,OPEN
2026-01-08 03:12:33,31.65,True,HIGH,WET,OPEN
2026-01-08 03:12:38,33.59,False,MEDIUM,MOIST,OPEN
2026-01-08 03:12:43,38.52,True,MEDIUM,WET,OPEN
2026-01-08 03:12:48,28.14,False,MEDIUM,WET,OPEN
2026-01-08 03:12:53,35.55,False,HIGH,WET,OPEN
2026-01-08 03:12:58,31.08,True,LOW,MOIST,OPEN
2026-01-08 03:13:03,37.84,False,HIGH,MOIST,OPEN
2026-01-08 03:13:08,33.24,True,HIGH,DRY,OPEN
2026-01-08 03:13:13,32.62,True,LOW,MOIST,OPEN
2026-01-08 03:13:18,34.31,False,LOW,DRY,OPEN
2026-01-08 03:13:23,30.98,False,MEDIUM,DRY,OPEN
2026-01-08 03:13:28,26.89,True,LOW,MOIST,OPEN
2026-01-08 03:13:33,33.9,False,HIGH,MOIST,OPEN
2026-01-08 03:13:38,34.41,True,LOW,MOIST,OPEN
2026-01-08 03:13:43,37.99,False,LOW,WET,OPEN
2026-01-08 03:13:48,34.12,True,LOW,MOIST,OPEN
2026-01-08 03:13:53,26.31,True,MEDIUM,DRY,OPEN
2026-01-08 03:13:58,32.51,False,HIGH,WET,OPEN
2026-01-08 03:14:03,39.52,False,HIGH,MOIST,OPEN
2026-01-08 03:14:08,38.33,True,LOW,DRY,OPEN
2026-01-08 03:14:13,34.68,True,LOW,DRY,OPEN
2026-01-08 03:14:18,36.45,True,HIGH,WET,OPEN
2026-01-08 03:14:23,30.43,True,LOW,DRY,OPEN
2026-01-08 03:14:28,31.95,True,MEDIUM,WET,OPEN
2026-01-08 03:14:33,33.39,True,HIGH,DRY,OPEN
2026-01-08 03:14:38,32.3,True,HIGH,MOIST,OPEN
2026-01-08 03:14:43,30.06,False,HIGH,MOIST,OPEN
2026-01-08 03:14:48,37.16,True,HIGH,WET,OPEN
2026-01-08 03:14:53,34.19,False,LOW,MOIST,OPEN
2026-01-08 03:14:58,31.28,False,LOW,DRY,OPEN
2026-01-08 03:15:03,37.66,True,MEDIUM,DRY,OPEN
2026-01-08 03:15:08,39.84,False,LOW,MOIST,OPEN
2026-01-08 03:15:13,25.91,False,MEDIUM,WET,OPEN
2026-01-08 03:15:18,26.38,False,LOW,WET,OPEN
2026-01-08 03:15:23,27.67,False,HIGH,MOIST,OPEN
2026-01-08 03:15:28,25.86,True,LOW,MOIST,OPEN
2026-01-08 03:15:33,38.46,True,MEDIUM,MOIST,OPEN
2026-01-08 03:15:38,36.21,False,MEDIUM,MOIST,OPEN
2026-01-08 03:15:43,26.39,True,MEDIUM,MOIST,OPEN
2026-01-08 03:15:48,35.2,True,LOW,DRY,OPEN
2026-01-08 03:15:53,27.15,False,HIGH,DRY,OPEN
2026-01-08 03:15:58,30.53,False,LOW,MOIST,OPEN
2026-01-08 03:16:03,34.62,False,LOW,DRY,OPEN
2026-01-08 03:16:09,26.16,False,LOW,MOIST,OPEN
2026-01-08 03:16:14,34.72,True,HIGH,DRY,OPEN
2026-01-08 03:16:19,29.64,False,MEDIUM,DRY,OPEN
2026-01-08 03:16:24,35.83,True,MEDIUM,WET,OPEN
2026-01-08 03:16:29,26.13,False,LOW,MOIST,OPEN
2026-01-08 03:16:34,35.25,False,LOW,MOIST,OPEN
2026-01-08 03:16:39,28.22,False,HIGH,DRY,OPEN
2026-01-08 03:16:44,36.47,True,MEDIUM,MOIST,OPEN
2026-01-08 03:16:49,28.6,True,LOW,MOIST,OPEN
2026-01-08 03:16:54,38.42,False,LOW,DRY,OPEN
2026-01-08 03:16:59,36.9,True,HIGH,DRY,OPEN
2026-01-08 03:17:04,27.27,False,HIGH,DRY,OPEN
2026-01-08 03:17:09,32.54,False,HIGH,DRY,OPEN
2026-01-08 03:17:14,32.67,True,MEDIUM,DRY,OPEN
2026-01-08 03:17:19,39.39,False,MEDIUM,DRY,OPEN
2026-01-08 03:17:24,28.24,False,MEDIUM,DRY,OPEN
2026-01-08 03:17:29,36.83,True,MEDIUM,WET,OPEN
2026-01-08 03:17:34,35.59,True,HIGH,WET,OPEN
2026-01-08 03:17:39,25.43,True,LOW,MOIST,OPEN
2026-01-08 03:17:44,34.64,False,HIGH,MOIST,OPEN
2026-01-08 03:17:49,28.31,False,MEDIUM,DRY,OPEN
2026-01-08 03:17:54,34.86,False,HIGH,MOIST,OPEN
2026-01-08 03:17:59,27.6,True,LOW,MOIST,OPEN
2026-01-08 03:18:04,29.47,False,LOW,WET,OPEN
2026-01-08 03:18:09,29.9,True,MEDIUM,DRY,OPEN
2026-01-08 03:18:14,32.81,False,MEDIUM,MOIST,OPEN
2026-01-08 03:18:19,26.85,False,HIGH,MOIST,OPEN
2026-01-08 03:18:24,28.01,False,LOW,WET,OPEN
2026-01-08 03:18:29,36.89,False,HIGH,MOIST,OPEN
2026-01-08 03:18:34,25.79,False,LOW,MOIST,OPEN
2026-01-08 03:18:39,37.72,True,LOW,WET,OPEN
2026-01-08 03:18:44,36.23,True,LOW,WET,OPEN
2026-01-08 03:18:49,29.48,False,MEDIUM,MOIST,OPEN
2026-01-08 03:18:54,38.59,False,LOW,WET,OPEN
2026-01-08 03:18:59,33.93,False,HIGH,WET,OPEN
2026-01-08 03:19:04,38.86,True,HIGH,MOIST,OPEN
2026-01-08 03:19:09,39.98,False,HIGH,DRY,OPEN
2026-01-08 03:23:09,31.27,True,HIGH,WET,OPEN
2026-01-08 03:23:14,25.07,True,LOW,WET,OPEN
2026-01-08 03:23:19,25.91,True,HIGH,WET,OPEN
2026-01-08 03:23:24,34.37,False,MEDIUM,WET,OPEN
2026-01-08 03:23:29,28.36,False,LOW,MOIST,OPEN
2026-01-08 03:23:34,30.71,False,MEDIUM,WET,CLOSE
2026-01-08 03:23:39,34.73,True,HIGH,WET,OPEN
2026-01-08 03:23:44,30.35,False,MEDIUM,DRY,OPEN
2026-01-08 03:23:49,31.41,False,MEDIUM,WET,CLOSE
2026-01-08 03:23:54,28.86,False,LOW,WET,OPEN
2026-01-08 03:23:59,36.55,True,LOW,MOIST,OPEN
2026-01-08 03:24:04,35.42,True,MEDIUM,WET,OPEN
2026-01-08 03:24:09,28.81,False,MEDIUM,WET,CLOSE
2026-01-08 03:24:14,29.56,True,HIGH,WET,OPEN
2026-01-08 03:24:19,28.75,True,LOW,MOIST,OPEN
2026-01-08 03:24:24,31.87,False,MEDIUM,MOIST,CLOSE
2026-01-08 03:24:29,30.03,False,LOW,DRY,OPEN
2026-01-08 03:24:34,35.47,True,HIGH,DRY,OPEN
2026-01-08 03:24:39,31.66,True,HIGH,WET,OPEN
2026-01-08 03:24:44,39.97,False,HIGH,WET,OPEN
2026-01-08 03:24:49,34.88,True,LOW,DRY,OPEN
2026-01-08 03:24:54,26.29,True,HIGH,MOIST,OPEN
2026-01-08 03:24:59,37.94,False,HIGH,WET,OPEN
2026-01-08 03:25:04,33.51,True,HIGH,MOIST,OPEN
2026-01-08 03:25:09,26.87,True,MEDIUM,DRY,OPEN
2026-01-08 10:53:49,35.82,True,HIGH,MOIST,OPEN
2026-01-08 10:53:54,35.62,False,LOW,DRY,OPEN
2026-01-08 10:53:59,33.52,False,LOW,WET,OPEN
2026-01-08 10:54:04,35.35,True,HIGH,WET,OPEN
2026-01-08 10:54:09,39.63,True,LOW,MOIST,OPEN
2026-01-08 10:54:14,27.98,True,LOW,WET,OPEN
2026-01-08 10:54:19,31.37,True,MEDIUM,DRY,OPEN
2026-01-08 10:54:24,35.05,False,HIGH,WET,OPEN
2026-01-08 10:54:29,25.88,True,LOW,MOIST,CLOSE
2026-01-08 10:54:35,36.9,False,MEDIUM,DRY,CLOSE
2026-01-08 10:54:40,29.39,True,LOW,DRY,OPEN
2026-01-08 10:54:45,27.41,True,HIGH,MOIST,OPEN
2026-01-08 10:54:50,29.67,True,HIGH,MOIST,OPEN
2026-01-08 10:54:55,39.6,False,MEDIUM,WET,OPEN
2026-01-08 10:55:00,25.0,False,HIGH,DRY,OPEN
2026-01-08 10:55:05,38.01,False,HIGH,MOIST,OPEN
2026-01-08 10:55:10,28.94,True,MEDIUM,DRY,OPEN
2026-01-08 12:06:36,30.95,False,LOW,WET,OPEN
2026-01-08 12:06:41,31.51,False,LOW,WET,OPEN
2026-01-08 12:06:46,28.62,True,LOW,WET,OPEN
2026-01-08 12:36:17,25.34,False,MEDIUM,WET,OPEN
2026-01-08 12:36:22,38.28,False,MEDIUM,WET,OPEN
2026-01-08 12:36:27,27.58,True,LOW,WET,OPEN
2026-01-08 12:36:32,32.72,False,HIGH,MOIST,OPEN
2026-01-08 12:36:37,26.04,False,LOW,DRY,OPEN
2026-01-08 12:36:42,36.62,True,HIGH,WET,OPEN
2026-01-08 12:36:47,28.65,True,HIGH,WET,OPEN
2026-01-08 12:36:52,37.5,True,LOW,WET,OPEN
2026-01-08 12:36:57,37.67,False,HIGH,WET,OPEN
2026-01-08 12:37:02,35.34,False,LOW,MOIST,OPEN
2026-01-08 12:37:07,25.22,True,MEDIUM,DRY,OPEN
2026-01-08 12:37:12,31.74,False,MEDIUM,MOIST,OPEN
2026-01-08 12:37:17,38.95,True,LOW,WET,OPEN
2026-01-08 12:37:22,30.88,False,MEDIUM,MOIST,OPEN
2026-01-08 12:37:27,34.98,True,HIGH,MOIST,OPEN
2026-01-08 12:37:32,25.61,True,MEDIUM,DRY,OPEN
2026-01-08 12:37:37,32.38,False,MEDIUM,WET,OPEN
2026-01-08 12:37:42,35.83,True,HIGH,DRY,OPEN
2026-01-08 12:37:47,30.47,True,MEDIUM,WET,OPEN
2026-01-08 12:37:52,29.72,False,HIGH,MOIST,OPEN
2026-01-08 12:37:57,31.63,True,MEDIUM,WET,OPEN
2026-01-08 12:38:02,26.79,True,LOW,MOIST,OPEN
2026-01-08 12:38:07,38.78,False,MEDIUM,MOIST,OPEN
2026-01-08 12:38:12,36.81,False,HIGH,DRY,OPEN
2026-01-08 12:38:17,31.42,False,HIGH,WET,OPEN
2026-01-08 12:38:22,35.16,False,HIGH,MOIST,OPEN
2026-01-08 12:38:28,32.66,False,HIGH,MOIST,OPEN
2026-01-08 12:38:33,33.25,True,LOW,WET,OPEN
2026-01-08 12:38:38,26.45,True,MEDIUM,MOIST,OPEN
2026-01-08 12:38:43,29.53,True,LOW,MOIST,OPEN
2026-01-08 12:38:48,39.09,True,LOW,WET,OPEN
2026-01-08 12:38:53,39.84,True,HIGH,MOIST,OPEN
2026-01-08 12:38:58,36.92,False,LOW,DRY,OPEN
2026-01-08 12:39:03,34.0,False,MEDIUM,DRY,OPEN
2026-01-08 12:39:08,33.99,True,MEDIUM,WET,OPEN
2026-01-08 12:39:13,31.93,True,MEDIUM,MOIST,OPEN
2026-01-08 12:39:18,28.19,True,HIGH,MOIST,OPEN
2026-01-08 12:39:23,39.5,True,HIGH,WET,OPEN
2026-01-08 12:39:28,33.51,False,MEDIUM,MOIST,OPEN
2026-01-08 12:39:33,33.52,False,MEDIUM,DRY,OPEN
2026-01-08 12:39:38,25.53,True,HIGH,DRY,OPEN
2026-01-08 12:39:43,31.21,False,HIGH,MOIST,OPEN
2026-01-08 12:39:48,32.07,False,MEDIUM,DRY,OPEN
2026-01-08 12:39:53,31.64,True,MEDIUM,DRY,OPEN
2026-01-08 12:39:58,39.16,True,MEDIUM,MOIST,OPEN
2026-01-08 12:40:03,39.38,False,LOW,MOIST,OPEN
2026-01-08 12:40:08,26.26,True,MEDIUM,WET,OPEN
2026-01-08 12:40:13,37.03,False,LOW,WET,OPEN
2026-01-08 12:40:18,29.38,False,HIGH,DRY,OPEN
2026-01-08 12:40:23,35.11,False,LOW,MOIST,OPEN
2026-01-08 12:40:28,26.11,False,MEDIUM,MOIST,OPEN
2026-01-08 12:40:33,31.49,False,MEDIUM,DRY,OPEN
2026-01-08 12:40:38,28.79,False,MEDIUM,WET,OPEN
2026-01-08 12:40:43,27.26,True,HIGH,WET,OPEN
2026-01-08 12:40:48,32.99,True,HIGH,WET,OPEN
2026-01-08 12:40:53,33.58,False,HIGH,MOIST,OPEN
2026-01-08 12:40:59,39.25,False,LOW,DRY,OPEN
2026-01-08 12:41:04,31.22,False,MEDIUM,MOIST,OPEN
2026-01-08 12:41:09,26.53,False,LOW,WET,OPEN
2026-01-08 12:41:14,34.24,False,MEDIUM,DRY,OPEN
2026-01-08 12:41:19,28.06,False,LOW,DRY,OPEN
2026-01-08 12:41:24,33.99,False,HIGH,DRY,OPEN
2026-01-08 12:41:29,38.29,True,HIGH,WET,OPEN
2026-01-08 12:41:34,29.62,True,LOW,MOIST,OPEN
2026-01-08 12:41:39,34.51,True,HIGH,DRY,OPEN
2026-01-08 12:41:44,38.11,False,HIGH,DRY,OPEN
2026-01-08 12:41:49,39.44,False,LOW,WET,OPEN
2026-01-08 12:41:54,25.81,False,HIGH,DRY,OPEN
2026-01-08 12:41:59,38.56,False,HIGH,MOIST,OPEN
2026-01-08 12:42:04,30.65,True,MEDIUM,MOIST,OPEN
2026-01-08 12:42:09,30.89,False,LOW,DRY,OPEN
2026-01-08 12:42:14,36.7,True,HIGH,DRY,OPEN
2026-01-08 12:42:19,33.9,True,MEDIUM,WET,OPEN
2026-01-08 12:42:24,31.78,True,HIGH,MOIST,OPEN
2026-01-08 12:42:29,35.7,False,HIGH,WET,OPEN
2026-01-08 12:42:34,33.37,False,LOW,MOIST,OPEN
2026-01-08 12:42:39,29.41,True,MEDIUM,MOIST,OPEN
2026-01-08 12:42:44,28.17,False,MEDIUM,WET,OPEN
2026-01-08 12:42:49,34.13,True,LOW,MOIST,OPEN
2026-01-08 12:42:54,34.08,False,MEDIUM,MOIST,OPEN
2026-01-08 12:42:59,26.65,True,HIGH,WET,OPEN
2026-01-08 12:43:04,33.32,True,LOW,DRY,OPEN
2026-03-03 10:30:03,36.52,True,HIGH,MOIST,OPEN
2026-03-03 10:30:08,25.79,True,LOW,MOIST,OPEN
2026-03-03 10:30:13,34.98,True,LOW,WET,OPEN
2026-03-03 10:30:18,36.27,False,HIGH,MOIST,OPEN
2026-03-03 10:30:23,28.38,False,MEDIUM,DRY,OPEN
2026-03-03 10:30:28,28.72,False,LOW,WET,OPEN
2026-03-03 10:30:33,27.26,False,MEDIUM,DRY,OPEN
2026-03-03 10:30:38,37.2,False,MEDIUM,DRY,OPEN
2026-03-03 10:30:43,39.59,True,LOW,DRY,OPEN
2026-03-03 10:30:48,35.95,False,MEDIUM,WET,OPEN
2026-03-03 10:30:53,27.03,False,MEDIUM,WET,OPEN
2026-03-03 10:30:58,38.52,True,MEDIUM,MOIST,OPEN
2026-03-03 10:31:03,39.22,False,LOW,DRY,OPEN
2026-03-03 10:31:08,36.71,False,MEDIUM,DRY,OPEN
2026-03-03 10:31:13,37.09,False,LOW,WET,OPEN
2026-03-03 10:31:18,27.27,False,LOW,DRY,OPEN
2026-03-03 10:31:24,39.35,True,MEDIUM,WET,OPEN
2026-03-03 10:31:29,36.06,True,LOW,WET,OPEN
2026-03-03 10:31:34,31.8,False,MEDIUM,DRY,OPEN
2026-03-03 10:31:39,26.04,True,LOW,DRY,OPEN
2026-03-03 10:31:44,33.73,False,HIGH,WET,OPEN
2026-03-04 13:00:24,27.91,True,HIGH,MOIST,OPEN
2026-03-04 13:00:29,28.74,False,LOW,DRY,OPEN
2026-03-04 13:00:34,38.17,False,HIGH,DRY,OPEN
2026-03-04 13:00:39,37.41,True,LOW,WET,OPEN
2026-03-04 13:00:44,39.26,True,HIGH,WET,OPEN
2026-03-04 13:00:49,25.54,True,LOW,WET,OPEN
2026-03-04 13:00:54,29.19,False,LOW,DRY,OPEN
2026-03-04 13:00:59,30.09,False,HIGH,MOIST,OPEN
2026-03-04 13:01:04,30.17,True,MEDIUM,WET,OPEN
2026-03-04 13:01:09,38.22,False,MEDIUM,MOIST,OPEN
2026-03-04 13:01:14,25.19,True,MEDIUM,WET,OPEN
2026-03-04 13:01:19,32.6,False,HIGH,DRY,OPEN
2026-03-04 13:01:24,35.26,False,HIGH,DRY,OPEN
2026-03-04 13:01:29,26.18,False,HIGH,DRY,OPEN
2026-03-04 13:01:34,37.89,False,LOW,WET,OPEN
2026-03-04 13:01:39,27.86,True,MEDIUM,WET,OPEN
2026-03-04 13:01:44,35.38,False,LOW,WET,OPEN
2026-03-04 13:01:49,30.88,True,HIGH,WET,OPEN
2026-03-04 13:01:54,36.06,False,LOW,DRY,OPEN
2026-03-04 13:01:59,39.81,False,MEDIUM,MOIST,OPEN
2026-03-04 13:02:04,28.0,False,LOW,WET,OPEN
2026-03-04 13:02:09,34.47,False,LOW,MOIST,OPEN
2026-03-04 13:02:14,38.7,False,MEDIUM,WET,OPEN
2026-03-04 13:02:19,38.23,False,LOW,DRY,OPEN
2026-03-04 13:02:24,37.55,False,MEDIUM,MOIST,OPEN
2026-03-04 13:02:29,27.51,False,HIGH,WET,OPEN
2026-03-04 13:02:34,37.6,True,MEDIUM,DRY,OPEN
2026-03-04 13:02:39,34.85,False,HIGH,DRY,OPEN
2026-03-04 13:02:44,26.32,False,LOW,WET,OPEN
2026-03-04 13:02:49,31.11,False,MEDIUM,MOIST,OPEN
2026-03-04 13:02:54,38.3,True,HIGH,MOIST,OPEN
2026-03-04 13:02:59,39.86,False,MEDIUM,DRY,OPEN
2026-03-04 13:03:04,28.46,False,HIGH,MOIST,OPEN
2026-03-04 13:03:09,31.14,True,LOW,DRY,OPEN
2026-03-04 13:03:14,27.12,False,MEDIUM,MOIST,OPEN
2026-03-04 13:03:19,25.18,False,HIGH,DRY,OPEN
2026-03-04 13:03:24,39.46,False,LOW,DRY,OPEN
2026-03-04 13:03:29,31.44,False,MEDIUM,DRY,OPEN
2026-03-04 13:03:34,36.6,True,LOW,DRY,OPEN
2026-03-04 13:03:39,31.74,True,LOW,WET,OPEN
2026-03-04 13:03:44,26.36,False,LOW,DRY,OPEN
2026-03-04 13:03:49,35.92,False,HIGH,WET,OPEN
2026-03-04 13:03:54,25.86,False,LOW,WET,OPEN
2026-03-04 13:03:59,30.13,False,MEDIUM,MOIST,OPEN
2026-03-04 13:04:04,28.32,True,LOW,DRY,OPEN
2026-03-04 13:04:09,30.57,False,LOW,MOIST,OPEN
2026-03-04 13:04:14,35.78,True,HIGH,WET,OPEN
2026-03-04 13:04:19,35.19,False,MEDIUM,MOIST,OPEN
2026-03-04 13:04:24,26.4,False,HIGH,MOIST,OPEN
2026-03-04 13:04:29,25.03,False,HIGH,WET,OPEN
2026-03-04 13:04:34,39.98,False,HIGH,WET,OPEN
2026-03-04 13:04:39,38.6,False,HIGH,WET,OPEN
2026-03-04 13:04:44,37.04,False,HIGH,DRY,OPEN
2026-03-04 13:04:49,34.89,False,MEDIUM,WET,OPEN
2026-03-04 13:04:54,27.13,False,MEDIUM,MOIST,OPEN
2026-03-04 13:04:59,28.7,True,HIGH,WET,OPEN
2026-03-04 13:05:04,33.49,False,HIGH,WET,OPEN
2026-03-04 13:05:09,37.59,False,MEDIUM,WET,OPEN
2026-03-04 13:05:14,26.4,True,LOW,WET,OPEN
2026-03-04 13:05:19,36.71,True,LOW,DRY,OPEN
2026-03-04 13:05:24,37.57,False,LOW,WET,OPEN
2026-03-04 13:05:29,38.9,False,HIGH,DRY,OPEN
2026-03-04 13:05:34,36.83,True,HIGH,MOIST,OPEN
2026-03-04 13:05:39,28.56,False,LOW,DRY,OPEN
2026-03-04 13:05:45,36.67,False,LOW,DRY,OPEN
2026-03-04 13:05:50,30.59,True,HIGH,WET,OPEN
2026-03-04 13:05:55,39.32,False,MEDIUM,MOIST,OPEN
2026-03-04 13:06:00,34.04,True,MEDIUM,MOIST,OPEN
2026-03-04 13:06:05,30.38,False,LOW,DRY,OPEN
2026-03-04 13:06:10,28.7,False,LOW,DRY,OPEN
2026-03-04 13:06:15,25.87,False,MEDIUM,MOIST,OPEN
2026-03-04 13:06:20,37.87,False,MEDIUM,DRY,OPEN
2026-03-04 13:06:25,35.59,False,HIGH,WET,OPEN
2026-03-04 13:06:30,33.92,False,MEDIUM,WET,OPEN
2026-03-04 13:06:35,28.29,False,HIGH,WET,OPEN
2026-03-04 13:06:40,26.14,False,MEDIUM,WET,OPEN
2026-03-04 13:06:45,29.26,False,HIGH,DRY,OPEN
2026-03-04 13:06:50,37.27,True,LOW,DRY,OPEN
2026-03-04 13:06:55,25.11,False,MEDIUM,MOIST,OPEN
2026-03-04 13:07:00,34.11,True,LOW,MOIST,OPEN
2026-03-04 13:07:05,29.24,True,MEDIUM,MOIST,OPEN
2026-03-04 13:07:10,35.22,False,HIGH,DRY,OPEN
2026-03-04 13:07:15,36.41,True,LOW,DRY,OPEN
2026-03-04 13:07:20,30.9,False,LOW,DRY,OPEN
2026-03-04 13:07:25,37.7,False,LOW,MOIST,OPEN
2026-03-04 13:07:30,38.56,True,MEDIUM,MOIST,OPEN
2026-03-04 13:07:35,27.36,False,LOW,MOIST,OPEN
2026-03-04 13:07:40,33.8,True,LOW,WET,OPEN
2026-03-04 13:07:45,28.14,False,LOW,MOIST,OPEN
2026-03-04 13:07:50,29.25,False,LOW,WET,OPEN
2026-03-04 13:07:55,30.84,True,HIGH,WET,OPEN
2026-03-04 13:08:00,27.11,True,LOW,WET,OPEN
2026-03-04 13:08:05,31.89,False,MEDIUM,MOIST,OPEN
2026-03-04 13:08:10,35.92,False,LOW,MOIST,OPEN
2026-03-04 13:08:15,27.6,False,HIGH,MOIST,OPEN
2026-03-04 13:08:20,26.63,False,MEDIUM,WET,OPEN
2026-03-04 13:08:25,25.13,True,LOW,MOIST,OPEN
2026-03-04 13:08:30,28.92,False,LOW,DRY,OPEN
2026-03-04 13:08:35,35.31,True,MEDIUM,WET,OPEN
2026-03-04 13:08:40,32.43,False,LOW,MOIST,OPEN
2026-03-04 13:08:45,37.97,True,HIGH,WET,OPEN
2026-03-04 13:08:50,25.68,False,LOW,WET,OPEN
2026-03-04 13:08:55,25.42,True,HIGH,WET,OPEN
2026-03-04 13:09:00,34.84,True,MEDIUM,WET,OPEN
2026-03-04 13:09:05,34.09,True,MEDIUM,WET,OPEN
2026-03-04 13:09:10,30.88,False,MEDIUM,WET,OPEN
2026-03-04 13:09:15,34.68,True,LOW,WET,OPEN
2026-03-04 13:09:20,32.46,True,MEDIUM,MOIST,OPEN
2026-03-04 13:09:25,38.47,False,MEDIUM,WET,OPEN
2026-03-04 13:09:30,37.31,True,MEDIUM,DRY,OPEN
2026-03-04 13:09:35,35.23,True,HIGH,MOIST,OPEN
2026-03-04 13:09:40,28.03,False,MEDIUM,DRY,OPEN
2026-03-04 13:09:45,29.35,True,MEDIUM,WET,OPEN
2026-03-04 13:09:50,37.9,False,MEDIUM,MOIST,OPEN
2026-03-04 13:09:55,33.22,False,HIGH,WET,OPEN
2026-03-04 13:10:00,36.34,True,MEDIUM,DRY,OPEN
2026-03-04 13:10:06,33.25,True,MEDIUM,MOIST,OPEN
2026-03-04 13:10:11,31.83,True,MEDIUM,WET,OPEN
2026-03-04 13:10:16,36.17,True,LOW,MOIST,OPEN
2026-03-04 13:10:21,27.55,False,LOW,WET,OPEN
2026-03-04 13:10:26,25.32,True,HIGH,WET,OPEN
2026-03-04 13:10:31,33.19,False,LOW,WET,OPEN
2026-03-04 13:10:36,30.37,False,LOW,WET,OPEN
2026-03-04 13:10:41,30.15,True,HIGH,WET,OPEN
2026-03-04 13:10:46,29.71,False,HIGH,WET,OPEN
2026-03-04 13:10:51,34.93,True,LOW,MOIST,OPEN
2026-03-04 13:10:56,36.8,True,MEDIUM,DRY,OPEN
2026-03-04 13:11:01,29.33,True,LOW,DRY,OPEN
2026-03-04 13:11:06,36.82,False,MEDIUM,MOIST,OPEN
2026-03-04 13:11:11,39.67,True,LOW,MOIST,OPEN
2026-03-04 13:11:16,30.84,False,MEDIUM,WET,OPEN
2026-03-04 13:11:21,38.28,True,LOW,MOIST,OPEN
2026-03-04 13:11:26,29.68,True,HIGH,MOIST,OPEN
2026-03-04 13:11:31,37.04,True,HIGH,DRY,OPEN
2026-03-04 13:11:36,33.14,False,MEDIUM,MOIST,OPEN
2026-03-04 13:11:41,37.32,True,LOW,WET,OPEN
2026-03-04 13:11:46,29.74,True,MEDIUM,WET,OPEN
2026-03-04 13:11:51,39.63,True,HIGH,WET,OPEN
2026-03-04 13:11:56,31.93,False,MEDIUM,WET,OPEN
2026-03-04 13:12:01,30.48,True,MEDIUM,DRY,OPEN
2026-03-04 13:12:06,35.28,False,HIGH,DRY,OPEN
2026-03-04 13:12:11,35.99,False,MEDIUM,WET,OPEN
2026-03-04 13:12:16,33.36,False,LOW,MOIST,OPEN
2026-03-04 13:12:21,33.51,False,HIGH,DRY,OPEN
2026-03-04 13:12:26,31.23,True,HIGH,MOIST,OPEN
2026-03-04 13:12:31,36.61,True,MEDIUM,DRY,OPEN
2026-03-04 13:12:37,37.95,False,LOW,DRY,OPEN
2026-03-04 13:12:42,29.7,True,MEDIUM,WET,OPEN
2026-03-04 13:12:47,27.92,False,HIGH,WET,OPEN
2026-03-04 13:12:52,36.92,True,MEDIUM,DRY,OPEN
2026-03-04 13:12:57,35.2,False,LOW,MOIST,OPEN
2026-03-04 13:13:02,28.81,False,MEDIUM,WET,OPEN
2026-03-04 13:13:07,38.06,True,HIGH,DRY,OPEN
2026-03-04 13:13:12,27.01,True,LOW,MOIST,OPEN
2026-03-04 13:13:17,35.77,True,HIGH,MOIST,OPEN
2026-03-04 13:13:22,34.85,True,HIGH,WET,OPEN
2026-03-04 13:13:27,30.28,False,HIGH,MOIST,OPEN
2026-03-04 13:13:32,26.06,True,MEDIUM,MOIST,OPEN
2026-03-04 13:13:37,30.3,False,HIGH,DRY,OPEN
2026-03-04 13:13:42,28.55,False,HIGH,WET,OPEN
2026-03-04 13:13:47,25.14,False,LOW,DRY,OPEN
2026-03-04 13:13:52,36.94,False,MEDIUM,WET,OPEN
2026-03-04 13:13:57,33.11,False,HIGH,MOIST,OPEN
2026-03-04 13:14:02,27.52,False,HIGH,DRY,OPEN
2026-03-04 13:14:07,26.85,False,HIGH,WET,OPEN
2026-03-04 13:14:12,35.28,False,LOW,WET,OPEN
2026-03-04 13:14:17,31.8,True,HIGH,DRY,OPEN
2026-03-04 13:14:22,33.56,False,LOW,WET,OPEN
2026-03-04 13:14:27,31.21,True,LOW,WET,OPEN
2026-03-04 13:14:32,31.36,True,LOW,MOIST,OPEN
2026-03-04 13:14:37,27.63,False,MEDIUM,MOIST,OPEN
2026-03-04 13:14:42,26.07,False,HIGH,MOIST,OPEN
2026-03-04 13:14:47,35.24,True,LOW,DRY,OPEN
2026-03-04 13:14:52,32.86,False,LOW,WET,OPEN
2026-03-04 13:14:57,26.4,False,HIGH,WET,OPEN
2026-03-04 13:15:03,25.17,False,MEDIUM,WET,OPEN
2026-03-04 13:15:08,38.6,False,LOW,MOIST,OPEN
2026-03-04 13:15:13,28.36,True,MEDIUM,MOIST,OPEN
2026-03-04 13:15:18,29.68,True,HIGH,DRY,OPEN
2026-03-04 13:15:23,37.73,True,LOW,WET,OPEN
2026-03-04 13:15:28,26.74,True,LOW,WET,OPEN
2026-03-04 13:15:33,33.88,True,MEDIUM,MOIST,OPEN
2026-03-04 13:15:38,36.99,True,HIGH,WET,OPEN
2026-03-04 13:15:43,32.4,True,LOW,DRY,OPEN
2026-03-04 13:15:48,27.76,True,LOW,WET,OPEN
2026-03-04 13:15:53,26.07,False,HIGH,DRY,OPEN
2026-03-04 13:15:58,33.35,True,MEDIUM,WET,OPEN
2026-03-04 13:16:03,39.09,False,MEDIUM,DRY,OPEN
2026-03-04 13:16:08,31.7,False,MEDIUM,WET,OPEN
2026-03-04 13:16:13,27.25,False,MEDIUM,DRY,OPEN
2026-03-04 13:16:18,32.6,False,LOW,MOIST,OPEN
2026-03-04 13:16:23,37.83,False,HIGH,DRY,OPEN
2026-03-04 13:16:28,25.13,False,MEDIUM,DRY,OPEN
2026-03-04 13:16:33,37.45,False,LOW,WET,OPEN
2026-03-04 13:16:38,37.41,True,LOW,DRY,OPEN
2026-03-04 13:16:43,28.54,True,LOW,DRY,OPEN
2026-03-04 13:16:48,39.04,True,HIGH,MOIST,OPEN
2026-03-04 13:16:53,34.56,True,HIGH,WET,OPEN
2026-03-04 13:16:58,30.36,False,HIGH,WET,OPEN
2026-03-04 13:17:03,29.24,False,HIGH,WET,OPEN
2026-03-04 13:17:08,25.82,False,HIGH,MOIST,OPEN
2026-03-04 13:17:13,31.16,True,MEDIUM,WET,OPEN
2026-03-04 13:17:18,25.4,False,LOW,MOIST,OPEN
2026-03-04 13:17:23,39.9,False,HIGH,DRY,OPEN
2026-03-04 13:17:28,36.51,True,LOW,WET,OPEN
2026-03-04 13:17:34,34.87,False,MEDIUM,MOIST,OPEN
2026-03-04 13:17:39,37.62,True,LOW,MOIST,OPEN
2026-03-04 13:17:44,31.23,True,MEDIUM,WET,OPEN
2026-03-04 13:17:49,36.39,True,HIGH,DRY,OPEN
2026-03-04 13:17:54,33.77,True,MEDIUM,WET,OPEN
2026-03-04 13:17:59,34.96,False,MEDIUM,DRY,OPEN
2026-03-04 13:18:04,35.55,True,MEDIUM,WET,OPEN
2026-03-04 13:18:09,36.28,True,MEDIUM,WET,OPEN
2026-03-04 13:18:14,39.34,True,MEDIUM,MOIST,OPEN
2026-03-04 13:18:19,25.42,False,LOW,WET,OPEN
2026-03-04 13:18:24,32.83,True,HIGH,DRY,OPEN
2026-03-04 13:18:29,37.19,False,MEDIUM,DRY,OPEN
2026-03-04 13:18:34,32.38,False,LOW,WET,OPEN
2026-03-04 13:18:39,28.46,True,LOW,WET,OPEN
2026-03-04 13:18:44,26.01,False,HIGH,WET,OPEN
2026-03-04 13:18:49,37.7,False,MEDIUM,DRY,OPEN
2026-03-04 13:18:54,33.5,False,MEDIUM,WET,OPEN
2026-03-04 13:18:59,26.64,False,MEDIUM,MOIST,OPEN
2026-03-04 13:19:04,32.92,True,LOW,DRY,OPEN
2026-03-04 13:19:09,38.82,False,HIGH,WET,OPEN
2026-03-04 13:19:14,35.84,True,HIGH,DRY,OPEN
2026-03-04 13:19:19,28.21,False,LOW,WET,OPEN
2026-03-04 13:19:24,33.56,True,HIGH,WET,OPEN
2026-03-04 13:19:29,38.46,False,LOW,WET,OPEN
2026-03-04 13:19:34,26.28,False,LOW,MOIST,OPEN
2026-03-04 13:19:39,30.69,True,HIGH,DRY,OPEN
2026-03-04 13:19:44,29.49,False,LOW,WET,OPEN
2026-03-04 13:19:49,27.73,False,MEDIUM,MOIST,OPEN
2026-03-04 13:19:54,39.85,False,MEDIUM,WET,OPEN
2026-03-04 13:19:59,35.33,True,MEDIUM,MOIST,OPEN
2026-03-04 13:20:04,33.26,True,LOW,WET,OPEN
2026-03-04 13:20:09,35.3,True,LOW,DRY,OPEN
2026-03-04 13:20:14,29.14,False,HIGH,WET,OPEN
2026-03-04 13:20:19,27.58,False,MEDIUM,WET,OPEN
2026-03-04 13:20:24,37.07,True,HIGH,DRY,OPEN
2026-03-04 13:20:29,30.52,False,MEDIUM,MOIST,OPEN
2026-03-04 13:20:35,35.65,True,LOW,MOIST,OPEN
2026-03-04 13:20:40,29.39,False,MEDIUM,WET,OPEN
2026-03-04 13:20:45,30.19,False,HIGH,MOIST,OPEN
2026-03-04 13:20:50,27.85,True,MEDIUM,DRY,OPEN
2026-03-04 13:20:55,37.71,True,LOW,DRY,OPEN
2026-03-04 13:21:00,39.26,False,LOW,WET,OPEN
2026-03-04 13:21:05,28.78,True,MEDIUM,MOIST,OPEN
2026-03-04 13:21:10,25.89,False,MEDIUM,MOIST,OPEN
2026-03-04 13:21:15,30.12,False,LOW,DRY,OPEN
2026-03-04 13:21:20,28.95,False,HIGH,DRY,OPEN
2026-03-04 13:21:25,36.79,False,MEDIUM,MOIST,OPEN
2026-03-04 13:21:30,25.16,True,MEDIUM,DRY,OPEN
2026-03-04 13:21:35,33.31,False,LOW,WET,OPEN
2026-03-04 13:21:40,25.65,True,LOW,WET,OPEN
2026-03-04 13:21:45,31.69,True,MEDIUM,MOIST,OPEN
2026-03-04 13:21:50,32.46,False,LOW,DRY,OPEN
2026-03-04 13:21:55,33.59,False,HIGH,DRY,OPEN
2026-03-04 13:22:00,26.33,True,LOW,DRY,OPEN
2026-03-04 13:22:05,39.38,True,LOW,MOIST,OPEN
2026-03-04 13:22:10,29.89,True,HIGH,WET,OPEN
2026-03-04 13:22:15,37.37,True,MEDIUM,DRY,OPEN
2026-03-04 13:22:20,36.66,False,HIGH,DRY,OPEN
2026-03-04 13:22:25,26.02,True,HIGH,MOIST,OPEN
2026-03-04 13:22:30,30.86,False,HIGH,DRY,OPEN
2026-03-04 13:22:35,37.29,True,LOW,MOIST,OPEN
2026-03-04 13:22:40,34.52,False,MEDIUM,DRY,OPEN
2026-03-04 13:22:45,39.3,True,LOW,WET,OPEN
2026-03-04 13:22:50,36.94,True,LOW,MOIST,OPEN
2026-03-04 13:22:56,36.57,False,MEDIUM,MOIST,OPEN
2026-03-04 13:23:01,32.46,False,MEDIUM,DRY,OPEN
2026-03-04 13:23:06,39.87,True,HIGH,MOIST,OPEN
2026-03-04 13:23:11,36.67,True,LOW,DRY,OPEN
2026-03-04 13:23:16,29.01,True,MEDIUM,DRY,OPEN
2026-03-04 13:23:21,34.26,False,LOW,DRY,OPEN
2026-03-04 13:23:26,28.29,True,MEDIUM,DRY,OPEN
2026-03-04 13:23:31,27.99,True,MEDIUM,DRY,OPEN
2026-03-04 13:23:36,32.77,False,HIGH,DRY,OPEN
2026-03-04 13:23:41,38.79,False,LOW,MOIST,OPEN
2026-03-04 13:23:46,37.98,False,HIGH,DRY,OPEN
2026-03-04 13:23:51,36.42,False,LOW,MOIST,OPEN
2026-03-04 13:23:56,32.73,True,HIGH,WET,OPEN
2026-03-04 13:24:01,32.86,False,LOW,DRY,OPEN
2026-03-04 13:24:06,26.41,True,HIGH,WET,OPEN
2026-03-04 13:24:11,33.36,True,LOW,MOIST,OPEN
2026-03-04 13:24:16,29.05,True,HIGH,DRY,OPEN
2026-03-04 13:24:21,26.27,True,HIGH,MOIST,OPEN
2026-03-04 13:24:26,33.78,False,MEDIUM,WET,OPEN
2026-03-04 13:24:31,28.3,True,HIGH,DRY,OPEN
2026-03-04 13:24:36,31.86,True,HIGH,DRY,OPEN
2026-03-04 13:24:41,27.52,True,HIGH,DRY,OPEN
2026-03-04 13:24:46,28.71,False,HIGH,MOIST,OPEN
2026-03-04 13:24:51,29.86,True,MEDIUM,DRY,OPEN
2026-03-04 13:24:56,25.62,True,MEDIUM,WET,OPEN
2026-03-04 13:25:01,28.14,False,LOW,MOIST,OPEN
2026-03-04 13:25:06,25.86,True,HIGH,WET,OPEN
2026-03-04 13:25:12,35.11,False,MEDIUM,MOIST,OPEN
2026-03-04 13:25:17,38.74,False,MEDIUM,MOIST,OPEN
2026-03-04 13:25:22,29.5,False,LOW,WET,OPEN
2026-03-04 13:25:27,35.89,False,HIGH,DRY,OPEN
2026-03-04 13:25:32,33.12,False,LOW,DRY,OPEN
2026-03-04 13:25:37,25.57,False,LOW,MOIST,OPEN
2026-03-04 13:25:42,29.9,False,HIGH,WET,OPEN
2026-03-04 13:25:47,37.89,True,LOW,WET,OPEN
2026-03-04 13:25:52,27.66,False,LOW,DRY,OPEN
2026-03-04 13:25:57,35.73,False,HIGH,WET,OPEN
2026-03-04 13:26:02,34.49,False,LOW,MOIST,OPEN
2026-03-04 13:26:07,27.51,False,LOW,MOIST,OPEN
2026-03-04 13:26:12,31.32,False,LOW,DRY,OPEN
2026-03-04 13:26:17,35.75,False,LOW,WET,OPEN
2026-03-04 13:26:22,39.6,False,MEDIUM,MOIST,OPEN
2026-03-04 13:26:27,29.21,True,LOW,DRY,OPEN
2026-03-04 13:26:32,38.52,True,MEDIUM,WET,OPEN
2026-03-04 13:26:37,26.31,False,HIGH,MOIST,OPEN
2026-03-04 13:26:42,37.48,False,MEDIUM,DRY,OPEN
2026-03-04 13:26:47,29.5,False,MEDIUM,MOIST,OPEN
2026-03-04 13:26:52,37.51,True,LOW,MOIST,OPEN
2026-03-04 13:26:57,31.66,True,HIGH,MOIST,OPEN
2026-03-04 13:27:02,31.83,True,LOW,WET,OPEN
2026-03-04 13:27:07,36.37,True,LOW,DRY,OPEN
2026-03-04 13:27:12,38.68,False,MEDIUM,DRY,OPEN
2026-03-04 13:27:17,26.25,True,HIGH,WET,OPEN
2026-03-04 13:27:22,28.87,False,HIGH,DRY,OPEN
2026-03-04 13:27:28,26.55,False,HIGH,WET,OPEN
2026-03-04 13:27:33,32.96,True,MEDIUM,MOIST,OPEN
2026-03-04 13:27:38,34.85,False,HIGH,DRY,OPEN
2026-03-04 13:27:43,32.44,True,MEDIUM,DRY,OPEN
2026-03-04 13:27:48,37.92,False,HIGH,WET,OPEN
2026-03-04 13:27:53,26.13,False,LOW,DRY,OPEN
2026-03-04 13:27:58,27.96,True,HIGH,DRY,OPEN
2026-03-04 13:28:03,27.61,True,MEDIUM,WET,OPEN
2026-03-04 13:28:08,32.95,False,MEDIUM,WET,OPEN
2026-03-04 13:28:13,29.81,True,HIGH,MOIST,OPEN
2026-03-04 13:28:18,39.66,True,MEDIUM,WET,OPEN
2026-03-04 13:28:23,37.92,True,LOW,DRY,OPEN
2026-03-04 13:28:28,31.7,False,MEDIUM,WET,OPEN
2026-03-04 13:28:33,28.22,False,LOW,MOIST,OPEN
2026-03-04 13:28:38,30.35,True,MEDIUM,DRY,OPEN
2026-03-04 13:28:43,30.21,False,HIGH,MOIST,OPEN
2026-03-04 13:28:48,25.83,False,HIGH,WET,OPEN
2026-03-04 13:28:53,34.07,False,LOW,DRY,OPEN
2026-03-04 13:28:58,36.95,True,HIGH,MOIST,OPEN
2026-03-04 13:29:03,29.42,True,LOW,MOIST,OPEN
2026-03-04 13:29:08,26.15,False,HIGH,DRY,OPEN
2026-03-04 13:29:13,26.4,False,LOW,WET,OPEN
2026-03-04 13:29:18,38.93,False,MEDIUM,WET,OPEN
2026-03-04 13:29:23,28.59,False,MEDIUM,MOIST,OPEN
2026-03-04 13:29:28,32.36,False,MEDIUM,WET,OPEN
2026-03-04 13:29:33,32.47,False,MEDIUM,MOIST,OPEN
2026-03-04 13:29:38,32.25,False,HIGH,MOIST,OPEN
2026-03-04 13:29:43,34.94,True,HIGH,WET,OPEN
2026-03-04 13:29:48,34.33,False,HIGH,WET,OPEN
2026-03-04 13:29:53,37.36,True,LOW,DRY,OPEN
2026-03-04 13:29:58,25.89,True,HIGH,DRY,OPEN
2026-03-04 13:30:03,33.93,True,HIGH,DRY,OPEN
2026-03-04 13:30:08,25.91,False,HIGH,WET,OPEN
2026-03-04 13:30:14,38.61,True,HIGH,DRY,OPEN
2026-03-04 13:30:19,36.82,True,MEDIUM,DRY,OPEN
2026-03-04 13:30:24,39.82,False,HIGH,MOIST,OPEN
2026-03-04 13:30:29,33.03,False,MEDIUM,WET,OPEN
2026-03-04 13:30:34,36.63,True,LOW,WET,OPEN
2026-03-04 13:30:39,35.9,True,MEDIUM,WET,OPEN
2026-03-04 13:30:44,31.89,False,LOW,WET,OPEN
2026-03-04 13:30:49,29.41,True,MEDIUM,DRY,OPEN
2026-03-04 13:30:54,35.44,False,LOW,DRY,OPEN
2026-03-04 13:30:59,30.82,True,MEDIUM,DRY,OPEN
2026-03-04 13:31:04,39.85,True,HIGH,WET,OPEN
2026-03-04 13:31:09,27.17,True,MEDIUM,WET,OPEN
2026-03-04 13:31:14,27.9,False,HIGH,WET,OPEN
2026-03-04 13:31:19,28.95,True,LOW,WET,OPEN
2026-03-04 13:31:24,33.87,True,LOW,DRY,OPEN
2026-03-04 13:31:29,37.89,True,HIGH,WET,OPEN
2026-03-04 13:31:34,25.05,True,MEDIUM,WET,OPEN
2026-03-04 13:31:39,38.04,False,MEDIUM,WET,OPEN
2026-03-04 13:31:44,26.0,False,LOW,MOIST,OPEN
2026-03-04 13:31:49,27.8,False,LOW,MOIST,OPEN
2026-03-04 13:31:54,37.72,True,MEDIUM,MOIST,OPEN
2026-03-04 13:31:59,38.61,True,LOW,MOIST,OPEN
2026-03-04 13:32:04,38.22,True,LOW,MOIST,OPEN
2026-03-04 13:32:09,30.37,False,LOW,MOIST,OPEN
2026-03-04 13:32:14,34.48,False,LOW,MOIST,OPEN
2026-03-04 13:32:19,25.76,False,LOW,MOIST,OPEN
2026-03-04 13:32:24,32.53,True,HIGH,DRY,OPEN
2026-03-04 13:32:29,27.65,True,HIGH,WET,OPEN
2026-03-04 13:32:34,29.25,False,HIGH,WET,OPEN
2026-03-04 13:32:39,25.63,False,MEDIUM,WET,OPEN
2026-03-04 13:32:44,26.59,False,LOW,MOIST,OPEN
2026-03-04 13:32:50,38.72,False,MEDIUM,WET,OPEN
2026-03-04 13:32:55,27.03,False,LOW,MOIST,OPEN
2026-03-04 13:33:00,37.68,False,HIGH,DRY,OPEN
2026-03-04 13:33:05,37.71,False,LOW,WET,OPEN
2026-03-04 13:33:10,29.02,True,MEDIUM,WET,OPEN
2026-03-04 13:33:15,38.67,True,LOW,MOIST,OPEN
2026-03-04 13:33:20,29.25,True,MEDIUM,MOIST,OPEN
2026-03-04 13:33:25,35.54,False,MEDIUM,MOIST,OPEN
2026-03-04 13:33:30,30.54,False,HIGH,MOIST,OPEN
2026-03-04 13:33:35,34.85,False,MEDIUM,WET,OPEN
2026-03-04 13:33:40,33.37,False,LOW,WET,OPEN
2026-03-04 13:33:45,34.06,False,MEDIUM,MOIST,OPEN
2026-03-04 13:33:50,26.81,False,HIGH,WET,OPEN
2026-03-04 13:33:55,33.83,False,MEDIUM,WET,OPEN
2026-03-04 13:34:00,33.81,True,HIGH,MOIST,OPEN
2026-03-04 13:34:05,39.76,True,HIGH,DRY,OPEN
2026-03-04 13:34:10,33.01,False,LOW,DRY,OPEN
2026-03-04 13:34:15,25.77,True,LOW,MOIST,OPEN
2026-03-04 13:34:20,32.29,False,MEDIUM,WET,OPEN
2026-03-04 13:34:25,28.92,False,LOW,WET,OPEN
2026-03-04 13:34:30,25.02,False,MEDIUM,DRY,OPEN
2026-03-04 13:34:35,39.99,True,HIGH,DRY,OPEN
2026-03-04 13:34:40,27.06,False,LOW,WET,OPEN
2026-03-04 13:34:45,36.04,True,HIGH,WET,OPEN
2026-03-04 13:34:50,34.42,True,MEDIUM,DRY,OPEN
2026-03-04 13:34:55,39.79,False,MEDIUM,DRY,OPEN
2026-03-04 13:35:00,32.42,False,MEDIUM,MOIST,OPEN
2026-03-04 13:35:05,38.2,True,HIGH,DRY,OPEN
2026-03-04 13:35:10,37.63,False,LOW,MOIST,OPEN
2026-03-04 13:35:15,37.45,True,HIGH,MOIST,OPEN
2026-03-04 13:35:20,30.32,False,MEDIUM,DRY,OPEN
2026-03-04 13:35:26,36.62,False,LOW,WET,OPEN
2026-03-04 13:35:31,26.06,True,HIGH,DRY,OPEN
2026-03-04 13:35:36,25.47,True,HIGH,DRY,OPEN
2026-03-04 13:35:41,30.86,True,LOW,WET,OPEN
2026-03-04 13:35:46,35.29,False,MEDIUM,DRY,OPEN
2026-03-04 13:35:51,32.45,False,HIGH,DRY,OPEN
2026-03-04 13:35:56,37.42,True,MEDIUM,WET,OPEN
2026-03-04 13:36:01,35.46,False,HIGH,WET,OPEN
2026-03-04 13:36:06,36.04,False,MEDIUM,WET,OPEN
2026-03-04 13:36:11,32.16,False,HIGH,DRY,OPEN
2026-03-04 13:36:16,27.53,True,MEDIUM,DRY,OPEN
2026-03-04 13:36:21,35.67,True,MEDIUM,WET,OPEN
2026-03-04 13:36:26,33.57,False,MEDIUM,WET,OPEN
2026-03-04 13:36:31,39.66,True,MEDIUM,WET,OPEN
2026-03-04 13:36:36,31.05,True,LOW,WET,OPEN
2026-03-04 13:36:41,39.17,True,LOW,DRY,OPEN
2026-03-04 13:36:46,36.49,False,HIGH,MOIST,OPEN
2026-03-04 13:36:51,30.48,False,HIGH,MOIST,OPEN
2026-03-04 13:36:56,39.65,False,LOW,DRY,OPEN
2026-03-04 13:37:01,25.25,True,LOW,MOIST,OPEN
2026-03-04 13:37:06,38.84,True,HIGH,MOIST,OPEN
2026-03-04 13:37:11,36.96,True,HIGH,DRY,OPEN
2026-03-04 13:37:16,39.95,False,HIGH,MOIST,OPEN
2026-03-04 13:37:21,27.84,False,HIGH,MOIST,OPEN
2026-03-04 13:37:26,27.67,False,MEDIUM,DRY,OPEN
2026-03-04 13:37:31,27.34,True,MEDIUM,WET,OPEN
2026-03-04 13:37:36,33.74,True,LOW,MOIST,OPEN
2026-03-04 13:37:41,36.43,False,HIGH,DRY,OPEN
2026-03-04 13:37:46,31.45,False,LOW,MOIST,OPEN
2026-03-04 13:37:51,31.6,True,HIGH,WET,OPEN
2026-03-04 13:37:56,34.49,True,MEDIUM,WET,OPEN
2026-03-04 13:38:01,35.58,False,MEDIUM,DRY,OPEN
2026-03-04 13:38:06,39.68,False,HIGH,WET,OPEN
2026-03-04 13:38:11,37.92,False,HIGH,WET,OPEN
2026-03-04 13:38:17,33.28,False,LOW,DRY,OPEN
2026-03-04 13:38:22,31.11,False,MEDIUM,MOIST,OPEN
2026-03-04 13:38:27,32.16,False,HIGH,WET,OPEN
2026-03-04 13:38:32,26.46,False,LOW,DRY,OPEN
2026-03-04 13:38:37,36.92,False,HIGH,DRY,OPEN
2026-03-04 13:38:42,27.74,False,LOW,DRY,OPEN
2026-03-04 13:38:47,28.5,True,LOW,MOIST,OPEN
2026-03-04 13:38:52,35.43,False,LOW,DRY,OPEN
2026-03-04 13:38:57,37.08,True,HIGH,MOIST,OPEN
2026-03-04 13:39:02,27.91,False,LOW,DRY,OPEN
2026-03-04 13:39:07,34.56,False,HIGH,DRY,OPEN
2026-03-04 13:39:12,31.47,True,HIGH,MOIST,OPEN
2026-03-04 13:39:17,29.89,True,LOW,DRY,OPEN
2026-03-04 13:39:22,39.26,False,LOW,WET,OPEN
2026-03-04 13:39:27,34.19,True,HIGH,DRY,OPEN
2026-03-04 13:39:32,31.51,False,HIGH,WET,OPEN
2026-03-04 13:39:37,27.26,False,LOW,MOIST,OPEN
2026-03-04 13:39:42,31.55,False,MEDIUM,WET,OPEN
2026-03-04 13:39:47,31.92,False,MEDIUM,MOIST,OPEN
2026-03-04 13:39:52,38.02,False,MEDIUM,DRY,OPEN
2026-03-04 13:39:57,32.44,True,HIGH,WET,OPEN
2026-03-04 13:40:02,39.45,True,LOW,MOIST,OPEN
2026-03-04 13:40:07,27.34,True,HIGH,DRY,OPEN
2026-03-04 13:40:12,33.69,True,MEDIUM,WET,OPEN
2026-03-04 13:40:17,34.04,False,MEDIUM,MOIST,OPEN
2026-03-04 13:40:22,38.58,True,MEDIUM,DRY,OPEN
2026-03-04 13:40:27,31.13,True,MEDIUM,WET,OPEN
2026-03-04 13:40:32,26.58,False,MEDIUM,DRY,OPEN
2026-03-04 13:40:37,31.04,False,LOW,DRY,OPEN
2026-03-04 13:40:42,37.22,True,LOW,WET,OPEN
2026-03-04 13:40:47,35.95,True,HIGH,DRY,OPEN
2026-03-04 13:40:52,37.26,True,HIGH,MOIST,OPEN
2026-03-04 13:40:58,39.58,True,MEDIUM,WET,OPEN
2026-03-04 13:41:03,27.28,False,LOW,DRY,OPEN
2026-03-04 13:41:08,29.88,True,HIGH,DRY,OPEN
2026-03-04 13:41:13,37.13,True,LOW,WET,OPEN
2026-03-04 13:41:18,25.74,True,MEDIUM,WET,OPEN
2026-03-04 13:41:23,36.8,True,HIGH,MOIST,OPEN
2026-03-04 13:41:28,32.26,True,LOW,WET,OPEN
2026-03-04 13:41:33,31.2,True,HIGH,WET,OPEN
2026-03-04 13:41:38,28.85,False,MEDIUM,WET,OPEN
2026-03-04 13:41:43,35.47,False,MEDIUM,WET,OPEN
2026-03-04 13:41:48,29.97,False,HIGH,MOIST,OPEN
2026-03-04 13:41:53,33.54,True,MEDIUM,DRY,OPEN
2026-03-04 13:41:58,28.26,True,LOW,DRY,OPEN
2026-03-04 13:42:03,36.68,False,LOW,MOIST,OPEN
2026-03-04 13:42:08,33.32,True,HIGH,DRY,OPEN
2026-03-04 13:42:13,30.98,True,LOW,WET,OPEN
2026-03-04 13:42:18,30.48,True,LOW,DRY,OPEN
2026-03-04 13:42:23,36.06,True,MEDIUM,MOIST,OPEN
2026-03-04 13:42:28,28.37,False,LOW,DRY,OPEN
2026-03-04 13:42:33,31.61,False,LOW,WET,OPEN
2026-03-04 13:42:38,33.33,True,MEDIUM,MOIST,OPEN
2026-03-04 13:42:43,29.67,False,MEDIUM,DRY,OPEN
2026-03-04 13:42:48,36.05,False,HIGH,DRY,OPEN
2026-03-04 13:42:53,35.93,False,HIGH,MOIST,OPEN
2026-03-04 13:42:58,27.28,False,MEDIUM,DRY,OPEN
2026-03-04 13:43:03,28.91,False,HIGH,WET,OPEN
2026-03-04 13:43:08,37.81,False,HIGH,DRY,OPEN
2026-03-04 13:43:13,29.56,True,MEDIUM,DRY,OPEN
2026-03-04 13:43:18,26.95,False,LOW,MOIST,OPEN
2026-03-04 13:43:24,32.73,True,MEDIUM,DRY,OPEN
2026-03-04 13:43:29,37.67,False,HIGH,WET,OPEN
2026-03-04 13:43:34,33.17,False,MEDIUM,DRY,OPEN
2026-03-04 13:43:39,28.51,False,MEDIUM,DRY,OPEN
2026-03-04 13:43:44,27.78,True,MEDIUM,WET,OPEN
2026-03-04 13:43:49,35.14,False,LOW,WET,OPEN
2026-03-04 13:43:54,29.77,False,MEDIUM,WET,OPEN
2026-03-04 13:43:59,32.54,False,LOW,DRY,OPEN
2026-03-04 13:44:04,35.22,True,LOW,MOIST,OPEN
2026-03-04 13:44:09,33.0,False,LOW,WET,OPEN
2026-03-04 13:44:14,25.16,False,MEDIUM,WET,OPEN
2026-03-04 13:44:19,30.11,True,MEDIUM,MOIST,OPEN
2026-03-04 13:44:24,27.46,False,MEDIUM,MOIST,OPEN
2026-03-04 13:44:29,32.91,False,LOW,WET,OPEN
2026-03-04 13:44:34,30.47,False,LOW,WET,OPEN
2026-03-04 13:44:39,36.05,False,LOW,WET,OPEN
2026-03-04 13:44:44,32.92,True,MEDIUM,MOIST,OPEN
2026-03-04 13:44:49,39.19,True,MEDIUM,MOIST,OPEN
2026-03-04 13:44:54,30.74,True,HIGH,MOIST,OPEN
2026-03-04 13:44:59,35.02,False,LOW,MOIST,OPEN
2026-03-04 13:45:04,32.65,False,HIGH,WET,OPEN
2026-03-04 13:45:09,39.07,True,MEDIUM,WET,OPEN
2026-03-04 13:45:14,35.07,False,LOW,DRY,OPEN
2026-03-04 13:45:19,33.88,True,LOW,WET,OPEN
2026-03-04 13:45:24,39.0,True,MEDIUM,MOIST,OPEN
2026-03-04 13:45:29,37.66,False,LOW,DRY,OPEN
2026-03-04 13:45:34,31.89,False,MEDIUM,MOIST,OPEN
2026-03-04 13:45:39,30.94,False,HIGH,DRY,OPEN
2026-03-04 13:45:44,31.2,False,HIGH,DRY,OPEN
2026-03-04 13:45:49,31.99,True,HIGH,DRY,OPEN
2026-03-04 13:45:54,28.6,False,HIGH,DRY,OPEN
2026-03-04 13:45:59,31.84,False,LOW,DRY,OPEN
2026-03-04 13:46:05,39.91,True,LOW,WET,OPEN
2026-03-04 13:46:10,32.44,True,MEDIUM,WET,OPEN
2026-03-04 13:46:15,36.97,False,MEDIUM,DRY,OPEN
2026-03-04 13:46:20,25.58,True,MEDIUM,DRY,OPEN
2026-03-04 13:46:25,25.96,True,MEDIUM,MOIST,OPEN
2026-03-04 13:46:30,26.38,True,LOW,DRY,OPEN
2026-03-04 13:46:35,30.32,False,MEDIUM,DRY,OPEN
2026-03-04 13:46:40,38.37,False,HIGH,WET,OPEN
2026-03-04 13:46:45,34.44,False,LOW,WET,OPEN
2026-03-04 13:46:50,35.75,True,LOW,DRY,OPEN
2026-03-04 13:46:55,37.71,True,LOW,WET,OPEN
2026-03-04 13:47:00,27.67,True,HIGH,DRY,OPEN
2026-03-04 13:47:05,26.27,True,MEDIUM,DRY,OPEN
2026-03-04 13:47:10,32.51,False,LOW,DRY,OPEN
2026-03-04 13:47:15,27.64,False,HIGH,MOIST,OPEN
2026-03-04 13:47:20,39.55,False,HIGH,MOIST,OPEN
2026-03-04 13:47:25,31.27,True,MEDIUM,MOIST,OPEN
2026-03-04 13:47:30,37.92,True,HIGH,WET,OPEN
2026-03-04 13:47:35,35.25,False,HIGH,MOIST,OPEN
2026-03-04 13:47:40,35.73,False,MEDIUM,WET,OPEN
2026-03-04 13:47:45,37.32,True,HIGH,MOIST,OPEN
2026-03-04 13:47:50,29.38,True,MEDIUM,MOIST,OPEN
2026-03-04 13:47:55,38.13,False,MEDIUM,MOIST,OPEN
2026-03-04 13:48:00,33.07,False,LOW,MOIST,OPEN
2026-03-04 13:48:05,34.25,True,LOW,DRY,OPEN
2026-03-04 13:48:10,37.05,False,HIGH,DRY,OPEN
2026-03-04 13:48:15,30.06,True,HIGH,WET,OPEN
2026-03-04 13:48:20,27.29,False,LOW,WET,OPEN
2026-03-04 13:48:25,39.53,True,HIGH,DRY,OPEN
2026-03-04 13:48:30,32.9,True,MEDIUM,WET,OPEN
2026-03-04 13:48:35,28.62,True,HIGH,DRY,OPEN
2026-03-04 13:48:40,35.85,False,MEDIUM,DRY,OPEN
2026-03-04 13:48:45,33.0,False,MEDIUM,WET,OPEN
2026-03-04 13:48:50,27.08,True,HIGH,DRY,OPEN
2026-03-04 13:48:56,37.26,True,HIGH,MOIST,OPEN
2026-03-04 13:49:01,34.6,False,MEDIUM,MOIST,OPEN
2026-03-04 13:49:06,31.7,False,HIGH,MOIST,OPEN
2026-03-04 13:49:11,26.76,True,HIGH,MOIST,OPEN
2026-03-04 13:49:16,35.28,False,LOW,WET,OPEN
2026-03-04 13:49:21,37.57,True,LOW,WET,OPEN
2026-03-04 13:49:26,36.12,False,LOW,WET,OPEN
2026-03-04 13:49:31,30.14,True,LOW,DRY,OPEN
2026-03-04 13:49:36,38.58,True,MEDIUM,DRY,OPEN
2026-03-04 13:49:41,26.17,False,HIGH,MOIST,OPEN
2026-03-04 13:49:46,27.86,False,HIGH,DRY,OPEN
2026-03-04 13:49:51,39.2,True,MEDIUM,WET,OPEN
2026-03-04 13:49:56,34.38,True,MEDIUM,MOIST,OPEN
2026-03-04 13:50:01,39.21,True,MEDIUM,MOIST,OPEN
2026-03-04 13:50:06,36.03,False,MEDIUM,WET,OPEN
2026-03-04 13:50:11,32.72,True,HIGH,DRY,OPEN
2026-03-04 13:50:16,38.0,True,LOW,DRY,OPEN
2026-03-04 13:50:21,38.44,False,MEDIUM,WET,OPEN
2026-03-04 13:50:26,37.24,False,HIGH,DRY,OPEN
2026-03-04 13:50:31,26.87,True,MEDIUM,WET,OPEN
2026-03-04 13:50:36,27.54,False,MEDIUM,DRY,OPEN
2026-03-04 13:50:41,34.48,True,HIGH,DRY,OPEN
2026-03-04 13:50:46,36.9,True,MEDIUM,WET,OPEN
2026-03-04 13:50:51,37.27,False,HIGH,DRY,OPEN
2026-03-04 13:50:56,35.16,False,LOW,MOIST,OPEN
2026-03-04 13:51:01,31.56,False,LOW,MOIST,OPEN
2026-03-04 13:51:06,35.0,True,HIGH,WET,OPEN
2026-03-04 13:51:11,31.7,False,MEDIUM,DRY,OPEN
2026-03-04 13:51:16,33.13,True,LOW,MOIST,OPEN
2026-03-04 13:51:21,30.51,True,MEDIUM,DRY,OPEN
2026-03-04 13:51:26,25.72,True,MEDIUM,DRY,OPEN
2026-03-04 13:51:31,33.9,True,LOW,WET,OPEN
2026-03-04 13:51:37,35.5,False,LOW,MOIST,OPEN
2026-03-04 13:51:42,35.23,False,LOW,DRY,OPEN
2026-03-04 13:51:47,33.41,False,LOW,WET,OPEN
2026-03-04 13:51:52,34.67,True,HIGH,DRY,OPEN
2026-03-04 13:51:57,27.57,True,MEDIUM,MOIST,OPEN
2026-03-04 13:52:02,25.53,False,HIGH,DRY,OPEN
2026-03-04 13:52:07,28.92,False,HIGH,MOIST,OPEN
2026-03-04 13:52:12,39.32,False,HIGH,WET,OPEN
2026-03-04 13:52:17,25.65,False,LOW,WET,OPEN
2026-03-04 13:52:22,26.93,True,LOW,DRY,OPEN
2026-03-04 13:52:27,35.25,True,HIGH,DRY,OPEN
2026-03-04 13:52:32,37.37,False,MEDIUM,MOIST,OPEN
2026-03-04 13:52:37,31.96,True,HIGH,DRY,OPEN
2026-03-04 13:52:42,37.25,False,LOW,MOIST,OPEN
2026-03-04 13:52:47,37.78,False,LOW,MOIST,OPEN
2026-03-04 13:52:52,39.88,True,MEDIUM,DRY,OPEN
2026-03-04 13:52:57,34.57,False,MEDIUM,DRY,OPEN
2026-03-04 13:53:02,30.63,False,LOW,MOIST,OPEN
2026-03-04 13:53:07,25.81,False,LOW,DRY,OPEN
2026-03-04 13:53:12,32.08,True,MEDIUM,WET,OPEN
2026-03-04 13:53:17,32.85,True,HIGH,WET,OPEN
2026-03-04 13:53:22,34.1,True,MEDIUM,MOIST,OPEN
2026-03-04 13:53:27,28.64,True,MEDIUM,DRY,OPEN
2026-03-04 13:53:32,33.78,False,LOW,DRY,OPEN
2026-03-04 13:53:37,36.74,True,MEDIUM,MOIST,OPEN
2026-03-04 13:53:42,36.94,False,MEDIUM,WET,OPEN
2026-03-04 13:53:47,36.89,False,MEDIUM,MOIST,OPEN
2026-03-04 13:53:52,28.94,False,HIGH,WET,OPEN
2026-03-04 13:53:57,31.49,False,HIGH,WET,OPEN
2026-03-04 13:54:02,34.38,True,LOW,WET,OPEN
2026-03-04 13:54:08,36.83,False,HIGH,DRY,OPEN
2026-03-04 13:54:13,31.41,False,MEDIUM,DRY,OPEN
2026-03-04 13:54:18,29.05,False,HIGH,WET,OPEN
2026-03-04 13:54:23,38.35,False,LOW,MOIST,OPEN
2026-03-04 13:54:28,26.6,False,LOW,DRY,OPEN
2026-03-04 13:54:33,39.94,True,HIGH,DRY,OPEN
2026-03-04 13:54:38,26.64,True,MEDIUM,WET,OPEN
2026-03-04 13:54:43,35.23,False,LOW,MOIST,OPEN
2026-03-04 13:54:48,30.17,True,HIGH,WET,OPEN
2026-03-04 13:54:53,35.86,False,LOW,MOIST,OPEN
2026-03-04 13:54:58,36.72,False,LOW,WET,OPEN
2026-03-04 13:55:03,37.35,False,HIGH,WET,OPEN
2026-03-04 13:55:08,25.26,False,MEDIUM,DRY,OPEN
2026-03-04 13:55:13,36.31,True,MEDIUM,MOIST,OPEN
2026-03-04 13:55:18,28.13,True,LOW,WET,OPEN
2026-03-04 13:55:23,27.26,True,LOW,MOIST,OPEN
2026-03-04 13:55:28,28.92,False,HIGH,WET,OPEN
2026-03-04 13:55:33,34.23,True,MEDIUM,MOIST,OPEN
2026-03-04 13:55:38,37.39,True,LOW,WET,OPEN
2026-03-04 13:55:43,35.46,True,HIGH,MOIST,OPEN
2026-03-04 13:55:48,33.29,True,MEDIUM,WET,OPEN
2026-03-04 13:55:53,33.49,True,HIGH,MOIST,OPEN
2026-03-04 13:55:58,30.33,False,MEDIUM,MOIST,OPEN
2026-03-04 13:56:03,36.59,False,MEDIUM,MOIST,OPEN
2026-03-04 13:56:08,39.52,False,MEDIUM,MOIST,OPEN
2026-03-04 13:56:13,27.2,True,MEDIUM,MOIST,OPEN
2026-03-04 13:56:18,26.98,True,MEDIUM,WET,OPEN
2026-03-04 13:56:23,26.76,True,LOW,MOIST,OPEN
2026-03-04 13:56:28,30.96,False,HIGH,MOIST,OPEN
2026-03-04 13:56:34,36.23,True,MEDIUM,DRY,OPEN
2026-03-04 13:56:39,34.92,True,HIGH,MOIST,OPEN
2026-03-04 13:56:44,35.01,False,HIGH,WET,OPEN
2026-03-04 13:56:49,36.88,False,HIGH,MOIST,OPEN
2026-03-04 13:56:54,31.7,False,LOW,DRY,OPEN
2026-03-04 13:56:59,28.1,True,HIGH,DRY,OPEN
2026-03-04 13:57:04,28.25,True,LOW,DRY,OPEN
2026-03-04 13:57:09,38.86,False,LOW,MOIST,OPEN
2026-03-04 13:57:14,30.78,True,MEDIUM,DRY,OPEN
2026-03-04 13:57:19,38.4,False,HIGH,WET,OPEN
2026-03-04 13:57:24,29.75,False,HIGH,WET,OPEN
2026-03-04 13:57:29,36.2,False,HIGH,DRY,OPEN
2026-03-04 13:57:34,27.63,False,HIGH,MOIST,OPEN
2026-03-04 13:57:39,36.12,False,MEDIUM,MOIST,OPEN
2026-03-04 13:57:44,33.22,True,HIGH,MOIST,OPEN
2026-03-04 13:57:49,38.9,True,HIGH,WET,OPEN
2026-03-04 13:57:54,34.94,True,LOW,WET,OPEN
2026-03-04 13:57:59,28.63,True,MEDIUM,WET,OPEN
2026-03-04 13:58:04,28.45,False,HIGH,WET,OPEN
2026-03-04 13:58:09,28.75,False,MEDIUM,MOIST,OPEN
2026-03-04 13:58:14,37.52,True,MEDIUM,WET,OPEN
2026-03-04 13:58:19,37.47,True,MEDIUM,WET,OPEN
2026-03-04 13:58:24,38.14,True,LOW,DRY,OPEN
2026-03-04 13:58:29,27.52,True,LOW,WET,OPEN
2026-03-04 13:58:35,31.54,False,MEDIUM,MOIST,OPEN
2026-03-04 13:58:40,38.07,False,LOW,WET,OPEN
2026-03-04 13:58:45,37.84,False,MEDIUM,WET,OPEN
2026-03-04 13:58:50,33.36,False,MEDIUM,MOIST,OPEN
2026-03-04 13:58:55,25.45,False,LOW,MOIST,OPEN
2026-03-04 13:59:00,25.41,False,MEDIUM,MOIST,OPEN
2026-03-04 13:59:05,30.91,True,MEDIUM,WET,OPEN
2026-03-04 13:59:10,34.14,True,HIGH,DRY,OPEN
2026-03-04 13:59:15,26.72,True,MEDIUM,WET,OPEN
2026-03-04 13:59:20,31.53,True,HIGH,DRY,OPEN
2026-03-04 13:59:25,32.03,True,LOW,DRY,OPEN
2026-03-04 13:59:30,27.58,False,MEDIUM,DRY,OPEN
2026-03-04 13:59:35,34.5,True,LOW,MOIST,OPEN
2026-03-04 13:59:40,38.84,False,LOW,WET,OPEN
2026-03-04 13:59:45,39.9,True,LOW,WET,OPEN
2026-03-04 13:59:50,32.88,False,MEDIUM,DRY,OPEN
2026-03-04 13:59:55,36.01,False,LOW,MOIST,OPEN
2026-03-04 14:00:00,30.27,True,HIGH,MOIST,OPEN
2026-03-04 14:00:05,28.16,True,MEDIUM,WET,OPEN
2026-03-04 14:00:10,26.63,True,MEDIUM,MOIST,OPEN
2026-03-04 14:00:15,38.86,True,HIGH,MOIST,OPEN
2026-03-04 14:00:20,34.64,True,LOW,DRY,OPEN
2026-03-04 14:00:25,31.31,False,MEDIUM,WET,OPEN
2026-03-04 14:00:30,32.0,False,MEDIUM,WET,OPEN
2026-03-04 14:00:35,29.13,False,HIGH,MOIST,OPEN
2026-03-04 14:00:40,30.73,False,LOW,DRY,OPEN
2026-03-04 14:00:45,26.81,False,LOW,DRY,OPEN
2026-03-04 14:00:50,39.15,False,HIGH,DRY,OPEN
2026-03-04 14:00:55,33.81,True,HIGH,MOIST,OPEN
2026-03-04 14:01:00,30.27,True,LOW,DRY,OPEN
2026-03-04 14:01:05,31.68,True,HIGH,MOIST,OPEN
2026-03-04 14:01:10,36.04,False,HIGH,WET,OPEN
2026-03-04 14:01:15,37.08,False,HIGH,MOIST,OPEN
2026-03-04 14:01:20,38.54,True,HIGH,WET,OPEN
2026-03-04 14:01:25,28.76,True,LOW,WET,OPEN
2026-03-04 14:01:30,33.97,True,LOW,WET,OPEN
2026-03-04 14:01:35,38.71,True,MEDIUM,WET,OPEN
2026-03-04 14:01:40,33.44,True,HIGH,DRY,OPEN
2026-03-04 14:01:45,25.32,False,LOW,DRY,OPEN
2026-03-04 14:01:50,26.21,True,HIGH,MOIST,OPEN
2026-03-04 14:01:55,33.1,False,LOW,MOIST,OPEN
2026-03-04 14:02:00,39.93,False,LOW,DRY,OPEN
2026-03-04 14:02:05,36.66,False,HIGH,DRY,OPEN
2026-03-04 14:02:10,36.46,False,LOW,WET,OPEN
2026-03-04 14:02:15,27.97,False,MEDIUM,DRY,OPEN
2026-03-04 14:02:20,26.33,True,HIGH,MOIST,OPEN
2026-03-04 14:02:25,29.26,True,LOW,WET,OPEN
2026-03-04 14:02:30,33.86,False,LOW,DRY,OPEN
2026-03-04 14:02:35,34.44,True,LOW,WET,OPEN
2026-03-04 14:02:40,27.4,False,MEDIUM,DRY,OPEN
2026-03-04 14:02:45,36.89,True,MEDIUM,MOIST,OPEN
2026-03-04 14:02:50,31.37,False,LOW,WET,OPEN
2026-03-04 14:02:55,36.08,True,MEDIUM,DRY,OPEN
2026-03-04 14:03:00,32.06,False,HIGH,MOIST,OPEN
2026-03-04 14:03:05,31.0,False,LOW,MOIST,OPEN
2026-03-04 14:03:10,36.92,True,MEDIUM,WET,OPEN
2026-03-04 14:03:15,38.5,True,HIGH,WET,OPEN
2026-03-04 14:03:20,32.09,False,HIGH,MOIST,OPEN
2026-03-04 14:03:25,26.29,False,MEDIUM,MOIST,OPEN
2026-03-04 14:03:30,32.36,True,HIGH,DRY,OPEN
2026-03-04 14:03:35,32.22,True,HIGH,DRY,OPEN
2026-03-04 14:03:40,26.57,False,HIGH,MOIST,OPEN
2026-03-04 14:03:45,37.93,False,HIGH,WET,OPEN
2026-03-04 14:03:50,33.19,False,MEDIUM,DRY,OPEN
2026-03-04 14:03:55,29.72,False,MEDIUM,DRY,OPEN
2026-03-04 14:04:00,39.29,False,LOW,DRY,OPEN
2026-03-04 14:04:05,32.57,True,MEDIUM,DRY,OPEN
2026-03-04 14:04:10,37.07,False,MEDIUM,MOIST,OPEN
2026-03-04 14:04:15,32.54,True,MEDIUM,WET,OPEN
2026-03-04 14:04:21,32.33,True,LOW,DRY,OPEN
2026-03-04 14:04:26,32.83,True,LOW,DRY,OPEN
2026-03-04 14:04:31,34.37,True,LOW,WET,OPEN
2026-03-04 14:04:36,25.51,True,LOW,MOIST,OPEN
2026-03-04 14:04:41,35.91,False,MEDIUM,WET,OPEN
2026-03-04 14:04:46,28.03,True,HIGH,MOIST,OPEN
2026-03-04 14:04:51,38.77,False,LOW,DRY,OPEN
2026-03-04 14:04:56,35.98,True,HIGH,DRY,OPEN
2026-03-04 14:05:01,39.87,True,MEDIUM,MOIST,OPEN
2026-03-04 14:05:06,35.29,False,LOW,WET,OPEN
2026-03-04 14:05:11,30.26,True,LOW,MOIST,OPEN
2026-03-04 14:05:16,38.34,True,LOW,DRY,OPEN
2026-03-04 14:05:21,30.42,True,LOW,WET,OPEN
2026-03-04 14:05:26,32.75,False,LOW,MOIST,OPEN
2026-03-04 14:05:31,30.86,False,LOW,DRY,OPEN
2026-03-04 14:05:36,25.27,True,LOW,WET,OPEN
2026-03-04 14:05:41,38.87,True,MEDIUM,DRY,OPEN
2026-03-04 14:05:46,27.03,True,MEDIUM,MOIST,OPEN
2026-03-04 14:05:51,35.56,True,MEDIUM,WET,OPEN
2026-03-04 14:05:56,38.99,False,MEDIUM,WET,OPEN
2026-03-04 14:06:01,32.73,False,LOW,MOIST,OPEN
2026-03-04 14:06:06,27.79,True,MEDIUM,DRY,OPEN
2026-03-04 14:06:11,34.35,False,LOW,DRY,OPEN
2026-03-04 14:06:16,30.4,False,HIGH,WET,OPEN
2026-03-04 14:06:21,33.44,False,HIGH,WET,OPEN
2026-03-04 14:06:26,38.63,True,MEDIUM,DRY,OPEN
2026-03-04 14:06:31,36.5,False,LOW,MOIST,OPEN
2026-03-04 14:06:36,35.63,True,HIGH,WET,OPEN
2026-03-04 14:06:41,39.63,False,MEDIUM,DRY,OPEN
2026-03-04 14:06:46,33.0,False,MEDIUM,DRY,OPEN
2026-03-04 14:06:51,26.72,True,LOW,MOIST,OPEN
2026-03-04 14:06:56,34.62,True,LOW,WET,OPEN
2026-03-04 14:07:01,29.03,True,HIGH,MOIST,OPEN
2026-03-04 14:07:06,27.64,False,LOW,DRY,OPEN
2026-03-04 14:07:11,27.79,False,LOW,DRY,OPEN
2026-03-04 14:07:16,26.96,True,LOW,WET,OPEN
2026-03-04 14:07:21,27.27,True,HIGH,MOIST,OPEN
2026-03-04 14:07:26,26.16,True,LOW,WET,OPEN
2026-03-04 14:07:31,30.77,False,MEDIUM,DRY,OPEN
2026-03-04 14:07:36,39.52,False,LOW,MOIST,OPEN
2026-03-04 14:07:41,38.79,False,MEDIUM,MOIST,OPEN
2026-03-04 14:07:46,27.17,False,HIGH,MOIST,OPEN
2026-03-04 14:07:51,38.71,True,MEDIUM,WET,OPEN
2026-03-04 14:07:56,25.58,True,MEDIUM,WET,OPEN
2026-03-04 14:08:01,36.07,False,LOW,MOIST,OPEN
2026-03-04 14:08:06,37.63,True,LOW,DRY,OPEN
2026-03-04 14:08:11,26.8,False,MEDIUM,MOIST,OPEN
2026-03-04 14:08:16,34.41,False,LOW,WET,OPEN
2026-03-04 14:08:21,37.76,False,HIGH,DRY,OPEN
2026-03-04 14:08:26,37.81,True,HIGH,DRY,OPEN
2026-03-04 14:08:31,38.79,False,HIGH,MOIST,OPEN
2026-03-04 14:08:36,36.75,True,HIGH,DRY,OPEN
2026-03-04 14:08:41,31.11,True,LOW,DRY,OPEN
2026-03-04 14:08:46,34.33,True,HIGH,WET,OPEN
2026-03-04 14:08:51,29.8,False,LOW,WET,OPEN
2026-03-04 14:08:56,38.49,False,MEDIUM,DRY,OPEN
2026-03-04 14:09:01,35.49,False,HIGH,WET,OPEN
2026-03-04 14:09:06,32.18,True,LOW,MOIST,OPEN
2026-03-04 14:09:11,33.81,True,HIGH,DRY,OPEN
2026-03-04 14:09:16,39.49,False,LOW,WET,OPEN
2026-03-04 14:09:21,37.21,False,HIGH,MOIST,OPEN
2026-03-04 14:09:26,35.97,True,HIGH,DRY,OPEN
2026-03-04 14:09:31,34.76,True,LOW,DRY,OPEN
2026-03-04 14:09:36,30.96,True,HIGH,WET,OPEN
2026-03-04 14:09:41,31.84,True,MEDIUM,MOIST,OPEN
2026-03-04 14:09:46,26.84,True,LOW,MOIST,OPEN
2026-03-04 14:09:51,29.07,False,MEDIUM,WET,OPEN
2026-03-04 14:09:56,37.78,False,LOW,MOIST,OPEN
2026-03-04 14:10:01,37.3,False,LOW,DRY,OPEN
2026-03-04 14:10:06,25.62,True,LOW,WET,OPEN
2026-03-04 14:10:11,31.79,True,MEDIUM,DRY,OPEN
2026-03-04 14:10:16,30.66,False,LOW,MOIST,OPEN
2026-03-04 14:10:21,30.26,False,HIGH,DRY,OPEN
2026-03-04 14:10:26,30.89,True,MEDIUM,MOIST,OPEN
2026-03-04 14:10:31,25.02,True,MEDIUM,MOIST,OPEN
2026-03-04 14:10:36,33.59,False,LOW,DRY,OPEN
2026-03-04 14:10:41,39.32,True,MEDIUM,DRY,OPEN
2026-03-04 14:10:46,28.23,True,LOW,WET,OPEN
2026-03-04 14:10:51,37.0,True,MEDIUM,WET,OPEN
2026-03-04 14:10:56,30.41,True,HIGH,WET,OPEN
2026-03-04 14:11:01,35.28,False,LOW,MOIST,OPEN
2026-03-04 14:11:06,38.55,True,MEDIUM,WET,OPEN
2026-03-04 14:11:11,38.26,True,LOW,DRY,OPEN
2026-03-04 14:11:16,28.23,False,LOW,WET,OPEN
2026-03-04 14:11:21,35.44,False,LOW,WET,OPEN
2026-03-04 14:11:26,36.91,False,LOW,DRY,OPEN
2026-03-04 14:11:31,33.37,False,HIGH,MOIST,OPEN
2026-03-04 14:11:37,32.49,True,MEDIUM,DRY,OPEN
2026-03-04 14:11:42,38.04,True,HIGH,DRY,OPEN
2026-03-04 14:11:47,39.47,True,LOW,DRY,OPEN
2026-03-04 14:11:52,33.54,True,HIGH,MOIST,OPEN
2026-03-04 14:11:57,33.27,False,LOW,MOIST,OPEN
2026-03-04 14:12:02,35.62,False,MEDIUM,MOIST,OPEN
2026-03-04 14:12:07,29.01,False,MEDIUM,DRY,OPEN
2026-03-04 14:12:12,33.97,False,HIGH,WET,OPEN
2026-03-04 14:12:17,36.53,True,MEDIUM,DRY,OPEN
2026-03-04 14:12:22,30.79,True,MEDIUM,DRY,OPEN
2026-03-04 14:12:27,33.42,True,MEDIUM,MOIST,OPEN
2026-03-04 14:12:32,39.29,False,HIGH,MOIST,OPEN
2026-03-04 14:12:37,28.58,True,HIGH,WET,OPEN
2026-03-04 14:12:42,37.99,False,LOW,MOIST,OPEN
2026-03-04 14:12:47,30.6,True,HIGH,WET,OPEN
2026-03-04 14:12:52,33.5,True,HIGH,WET,OPEN
2026-03-04 14:12:57,30.22,True,HIGH,WET,OPEN
2026-03-04 14:13:02,33.84,False,MEDIUM,WET,OPEN
2026-03-04 14:13:07,25.21,False,HIGH,DRY,OPEN
2026-03-04 14:13:12,39.87,False,HIGH,MOIST,OPEN
2026-03-04 14:13:17,32.91,True,MEDIUM,WET,OPEN
2026-03-04 14:13:22,31.92,True,LOW,DRY,OPEN
2026-03-04 14:13:27,29.98,True,LOW,WET,OPEN
2026-03-04 14:13:32,30.04,True,MEDIUM,WET,OPEN
2026-03-04 14:13:37,30.95,True,LOW,DRY,OPEN
2026-03-04 14:13:42,35.97,True,HIGH,WET,OPEN
2026-03-04 14:13:47,27.29,True,HIGH,WET,OPEN
2026-03-04 14:13:52,28.49,False,MEDIUM,MOIST,OPEN
2026-03-04 14:13:57,30.15,False,MEDIUM,MOIST,OPEN
2026-03-04 14:14:02,39.84,True,HIGH,MOIST,OPEN
2026-03-04 14:14:07,28.16,True,LOW,DRY,OPEN
2026-03-04 14:14:12,28.73,False,MEDIUM,MOIST,OPEN
2026-03-04 14:14:17,25.71,False,LOW,WET,OPEN
2026-03-04 14:14:22,27.74,True,HIGH,DRY,OPEN
2026-03-04 14:14:27,36.09,True,LOW,MOIST,OPEN
2026-03-04 14:14:32,31.55,False,MEDIUM,DRY,OPEN
2026-03-04 14:14:37,29.9,False,HIGH,WET,OPEN
2026-03-04 14:14:42,35.82,False,LOW,WET,OPEN
2026-03-04 14:14:47,36.36,False,HIGH,MOIST,OPEN
2026-03-04 14:14:52,37.28,False,MEDIUM,DRY,OPEN
2026-03-04 14:14:57,31.82,False,LOW,DRY,OPEN
2026-03-04 14:15:02,30.8,True,MEDIUM,DRY,OPEN
2026-03-04 14:15:07,38.93,False,LOW,WET,OPEN
2026-03-04 14:15:12,39.69,True,HIGH,DRY,OPEN
2026-03-04 14:15:17,27.53,False,MEDIUM,MOIST,OPEN
2026-03-04 14:15:22,28.6,False,LOW,DRY,OPEN
2026-03-04 14:15:27,26.62,True,LOW,DRY,OPEN
2026-03-04 14:15:32,36.82,True,HIGH,WET,OPEN
2026-03-04 14:15:37,37.76,False,LOW,MOIST,OPEN
2026-03-04 14:15:42,33.13,True,MEDIUM,MOIST,OPEN
2026-03-04 14:15:47,28.44,False,HIGH,DRY,OPEN
2026-03-04 14:15:52,29.63,True,MEDIUM,DRY,OPEN
2026-03-04 14:15:57,35.4,False,LOW,DRY,OPEN
2026-03-04 14:16:02,36.57,False,LOW,MOIST,OPEN
2026-03-04 14:16:07,39.4,False,HIGH,DRY,OPEN
2026-03-04 14:16:12,25.9,False,HIGH,WET,OPEN
2026-03-04 14:16:17,36.04,False,MEDIUM,DRY,OPEN
2026-03-04 14:16:22,39.31,False,LOW,MOIST,OPEN
2026-03-04 14:16:27,36.47,True,MEDIUM,DRY,OPEN
2026-03-04 14:16:32,29.77,False,LOW,DRY,OPEN
2026-03-04 14:16:37,29.75,True,MEDIUM,DRY,OPEN
2026-03-04 14:16:42,26.19,False,LOW,MOIST,OPEN
2026-03-04 14:16:47,39.25,True,LOW,MOIST,OPEN
2026-03-04 14:16:52,29.26,True,MEDIUM,MOIST,OPEN
2026-03-04 14:16:57,34.28,False,LOW,WET,OPEN
2026-03-04 14:17:02,36.25,True,MEDIUM,DRY,OPEN
2026-03-04 14:17:07,29.44,False,HIGH,MOIST,OPEN
2026-03-04 14:17:12,38.47,False,LOW,MOIST,OPEN
2026-03-04 14:17:17,29.98,True,LOW,DRY,OPEN
2026-03-04 14:17:22,39.0,False,LOW,DRY,OPEN
2026-03-04 14:17:27,37.48,True,MEDIUM,MOIST,OPEN
2026-03-04 14:17:32,38.1,False,HIGH,WET,OPEN
2026-03-04 14:17:37,35.17,True,HIGH,DRY,OPEN
2026-03-04 14:17:42,37.53,False,HIGH,MOIST,OPEN
2026-03-04 14:17:47,30.86,True,LOW,DRY,OPEN
2026-03-04 14:17:52,26.84,True,MEDIUM,MOIST,OPEN
2026-03-04 14:17:57,27.21,False,HIGH,MOIST,OPEN
2026-03-04 14:18:03,36.68,True,MEDIUM,WET,OPEN
2026-03-04 14:18:08,30.36,True,MEDIUM,WET,OPEN
2026-03-04 14:18:13,27.78,True,LOW,WET,OPEN
2026-03-04 14:18:18,27.92,True,LOW,WET,OPEN
2026-03-04 14:18:23,26.67,True,LOW,MOIST,OPEN
2026-03-04 14:18:28,28.7,False,LOW,DRY,OPEN
2026-03-04 14:18:33,37.63,True,LOW,DRY,OPEN
2026-03-04 14:18:38,34.33,False,HIGH,MOIST,OPEN
2026-03-04 14:18:43,28.59,True,LOW,DRY,OPEN
2026-03-04 14:18:48,36.48,True,MEDIUM,DRY,OPEN
2026-03-04 14:18:53,34.68,True,MEDIUM,WET,OPEN
2026-03-04 14:18:58,25.06,True,MEDIUM,DRY,OPEN
2026-03-04 14:19:03,29.5,False,LOW,WET,OPEN
2026-03-04 14:19:08,26.46,False,HIGH,MOIST,OPEN
2026-03-04 14:19:13,28.34,True,LOW,WET,OPEN
2026-03-04 14:19:18,35.92,True,MEDIUM,DRY,OPEN
2026-03-04 14:19:23,36.67,True,LOW,MOIST,OPEN
2026-03-04 14:19:28,31.4,False,HIGH,MOIST,OPEN
2026-03-04 14:19:33,25.55,False,HIGH,DRY,OPEN
2026-03-04 14:19:38,33.32,False,HIGH,MOIST,OPEN
2026-03-04 14:19:43,37.76,True,HIGH,DRY,OPEN
2026-03-04 14:19:48,27.63,False,LOW,DRY,OPEN
2026-03-04 14:19:53,36.05,False,MEDIUM,MOIST,OPEN
2026-03-04 14:19:58,35.97,False,LOW,MOIST,OPEN
2026-03-04 14:20:03,29.22,True,LOW,WET,OPEN
2026-03-04 14:20:08,30.16,False,MEDIUM,WET,OPEN
2026-03-04 14:20:13,34.24,True,HIGH,WET,OPEN
2026-03-04 14:20:18,27.24,False,HIGH,MOIST,OPEN
2026-03-04 14:20:23,38.14,True,HIGH,MOIST,OPEN
2026-03-04 14:20:28,31.15,False,LOW,WET,OPEN
2026-03-04 14:20:33,34.93,False,LOW,DRY,OPEN
2026-03-04 14:20:38,28.72,True,MEDIUM,WET,OPEN
2026-03-04 14:20:43,25.66,False,LOW,MOIST,OPEN
2026-03-04 14:20:48,31.45,False,LOW,DRY,OPEN
2026-03-04 14:20:53,38.92,True,MEDIUM,WET,OPEN
2026-03-04 14:20:58,25.31,False,HIGH,DRY,OPEN
2026-03-04 14:21:03,36.41,False,LOW,DRY,OPEN
2026-03-04 14:21:08,38.95,False,LOW,DRY,OPEN
2026-03-04 14:21:13,33.11,False,LOW,DRY,OPEN
2026-03-04 14:21:18,31.67,True,MEDIUM,DRY,OPEN
2026-03-04 14:21:23,28.93,False,MEDIUM,MOIST,OPEN
2026-03-04 14:21:28,27.67,False,LOW,WET,OPEN
2026-03-04 14:21:33,30.51,False,MEDIUM,DRY,OPEN
2026-03-04 14:21:38,26.29,True,MEDIUM,WET,OPEN
2026-03-04 14:21:43,37.75,False,HIGH,WET,OPEN
2026-03-04 14:21:48,28.51,True,LOW,DRY,OPEN
2026-03-04 14:21:53,37.48,True,LOW,DRY,OPEN
2026-03-04 14:21:58,28.8,False,HIGH,DRY,OPEN
2026-03-04 14:22:03,36.47,False,MEDIUM,MOIST,OPEN
2026-03-04 14:22:08,37.15,True,MEDIUM,MOIST,OPEN
2026-03-04 14:22:13,36.8,False,LOW,MOIST,OPEN
2026-03-04 14:22:18,31.68,True,MEDIUM,DRY,OPEN
2026-03-04 14:22:23,30.89,False,LOW,DRY,OPEN
2026-03-04 14:22:28,31.01,False,LOW,WET,OPEN
2026-03-04 14:22:33,36.66,False,MEDIUM,DRY,OPEN
2026-03-04 14:22:38,36.44,True,MEDIUM,DRY,OPEN
2026-03-04 14:22:43,27.54,True,MEDIUM,WET,OPEN
2026-03-04 14:22:48,30.38,False,LOW,WET,OPEN
2026-03-04 14:22:53,35.53,True,HIGH,DRY,OPEN
2026-03-04 14:22:58,25.05,True,HIGH,DRY,OPEN
2026-03-04 14:23:03,34.08,True,HIGH,DRY,OPEN
2026-03-04 14:23:08,28.94,False,MEDIUM,WET,OPEN
2026-03-04 14:23:13,33.57,True,MEDIUM,MOIST,OPEN
2026-03-04 14:23:18,31.79,True,MEDIUM,MOIST,OPEN
2026-03-04 14:23:23,38.13,False,MEDIUM,DRY,OPEN
2026-03-04 14:23:28,32.37,False,HIGH,WET,OPEN
2026-03-04 14:23:33,35.02,False,LOW,WET,OPEN
2026-03-04 14:23:38,33.08,True,MEDIUM,WET,OPEN
2026-03-04 14:23:43,30.43,True,HIGH,DRY,OPEN
2026-03-04 14:23:48,31.76,True,LOW,DRY,OPEN
2026-03-04 14:23:53,33.69,False,HIGH,MOIST,OPEN
2026-03-04 14:23:58,33.85,False,HIGH,DRY,OPEN
2026-03-04 14:24:03,31.77,True,HIGH,MOIST,OPEN
2026-03-04 14:24:08,28.64,False,LOW,WET,OPEN
2026-03-04 14:24:13,29.09,True,MEDIUM,MOIST,OPEN
2026-03-04 14:24:18,33.98,True,LOW,DRY,OPEN
2026-03-04 14:24:23,29.08,False,LOW,DRY,OPEN
2026-03-04 14:24:28,31.5,False,LOW,WET,OPEN
2026-03-04 14:24:34,26.08,True,MEDIUM,MOIST,OPEN
2026-03-04 14:24:39,32.56,True,LOW,MOIST,OPEN
2026-03-04 14:24:44,28.28,False,HIGH,DRY,OPEN
2026-03-04 14:24:49,38.21,False,HIGH,WET,OPEN
2026-03-04 14:24:54,39.56,False,HIGH,MOIST,OPEN
2026-03-04 14:24:59,33.1,False,HIGH,DRY,OPEN
2026-03-04 14:25:04,27.17,True,MEDIUM,DRY,OPEN
2026-03-04 14:25:09,35.72,False,LOW,DRY,OPEN
2026-03-04 14:25:14,36.69,False,LOW,MOIST,OPEN
2026-03-04 14:25:19,25.84,True,LOW,DRY,OPEN
2026-03-04 14:25:24,33.74,False,LOW,DRY,OPEN
2026-03-04 14:25:29,32.06,False,LOW,MOIST,OPEN
2026-03-04 14:25:34,26.0,False,HIGH,MOIST,OPEN
2026-03-04 14:25:39,34.12,False,LOW,MOIST,OPEN
2026-03-04 14:25:44,37.36,False,MEDIUM,DRY,OPEN
2026-03-04 14:25:49,35.37,True,MEDIUM,WET,OPEN
2026-03-04 14:25:54,29.13,True,MEDIUM,WET,OPEN
2026-03-04 14:25:59,35.6,False,HIGH,MOIST,OPEN
2026-03-04 14:26:04,32.18,True,HIGH,DRY,OPEN
2026-03-04 14:26:09,32.5,False,HIGH,MOIST,OPEN
2026-03-04 14:26:14,39.79,False,MEDIUM,MOIST,OPEN
2026-03-04 14:26:19,30.82,False,LOW,WET,OPEN
2026-03-04 14:26:24,37.74,False,LOW,DRY,OPEN
2026-03-04 14:26:29,34.12,False,HIGH,WET,OPEN
2026-03-04 14:26:34,28.82,True,MEDIUM,DRY,OPEN
2026-03-04 14:26:39,38.74,True,LOW,DRY,OPEN
2026-03-04 14:26:44,26.75,False,HIGH,DRY,OPEN
2026-03-04 14:26:49,31.34,True,HIGH,DRY,OPEN
2026-03-04 14:26:54,39.79,False,HIGH,MOIST,OPEN
2026-03-04 14:26:59,28.45,False,MEDIUM,DRY,OPEN
2026-03-04 14:27:04,30.45,True,LOW,MOIST,OPEN
2026-03-04 14:27:09,25.91,False,MEDIUM,WET,OPEN
2026-03-04 14:27:14,25.24,True,MEDIUM,WET,OPEN
2026-03-04 14:27:19,39.57,False,LOW,MOIST,OPEN
2026-03-04 14:27:24,38.04,True,HIGH,DRY,OPEN
2026-03-04 14:27:29,35.17,False,MEDIUM,WET,OPEN
2026-03-04 14:27:34,32.9,True,LOW,DRY,OPEN
2026-03-04 14:27:39,25.51,False,MEDIUM,MOIST,OPEN
2026-03-04 14:27:44,37.56,False,MEDIUM,DRY,OPEN
2026-03-04 14:27:49,39.98,True,LOW,MOIST,OPEN
2026-03-04 14:27:54,26.09,False,MEDIUM,MOIST,OPEN
2026-03-04 14:27:59,35.06,False,HIGH,MOIST,OPEN
2026-03-04 14:28:04,32.21,False,HIGH,WET,OPEN
2026-03-04 14:28:09,34.84,False,MEDIUM,MOIST,OPEN
2026-03-04 14:28:14,38.99,True,HIGH,MOIST,OPEN
2026-03-04 14:28:19,36.22,True,LOW,DRY,OPEN
2026-03-04 14:28:24,28.47,True,MEDIUM,MOIST,OPEN
2026-03-04 14:28:29,26.96,True,HIGH,DRY,OPEN
2026-03-04 14:28:34,25.22,True,MEDIUM,DRY,OPEN
2026-03-04 14:28:39,36.16,True,MEDIUM,MOIST,OPEN
2026-03-04 14:28:44,37.38,True,LOW,MOIST,OPEN
2026-03-04 14:28:49,39.0,True,MEDIUM,DRY,OPEN
2026-03-04 14:28:54,28.6,True,MEDIUM,DRY,OPEN
2026-03-04 14:28:59,38.8,False,MEDIUM,DRY,OPEN
2026-03-04 14:29:04,33.02,True,LOW,DRY,OPEN
2026-03-04 14:29:09,36.03,True,MEDIUM,WET,OPEN
2026-03-04 14:29:14,25.39,True,MEDIUM,DRY,OPEN
2026-03-04 14:29:19,34.75,False,MEDIUM,WET,OPEN
2026-03-04 14:29:24,35.74,False,HIGH,DRY,OPEN
2026-03-04 14:29:29,28.55,False,MEDIUM,DRY,OPEN
2026-03-04 14:29:34,29.44,True,HIGH,WET,OPEN
2026-03-04 14:29:39,28.32,True,HIGH,MOIST,OPEN
2026-03-04 14:29:44,32.56,False,MEDIUM,WET,OPEN
2026-03-04 14:29:49,30.69,False,HIGH,WET,OPEN
2026-03-04 14:29:54,27.61,False,HIGH,WET,OPEN
2026-03-04 14:29:59,29.61,False,LOW,MOIST,OPEN
2026-03-04 14:30:04,37.49,True,HIGH,DRY,OPEN
2026-03-04 14:30:09,31.84,False,MEDIUM,WET,OPEN
2026-03-04 14:30:14,30.62,True,MEDIUM,WET,OPEN
2026-03-04 14:30:19,25.98,True,MEDIUM,MOIST,OPEN
2026-03-04 14:30:24,34.46,False,LOW,WET,OPEN
2026-03-04 14:30:29,32.88,False,HIGH,MOIST,OPEN
2026-03-04 14:30:34,26.58,True,LOW,WET,OPEN
2026-03-04 14:30:39,33.25,True,HIGH,MOIST,OPEN
2026-03-04 14:30:44,31.48,False,LOW,DRY,OPEN
2026-03-04 14:30:49,28.18,True,MEDIUM,WET,OPEN
2026-03-04 14:30:54,34.78,False,LOW,WET,OPEN
2026-03-04 14:30:59,34.02,True,MEDIUM,DRY,OPEN
2026-03-04 14:31:04,35.43,True,LOW,MOIST,OPEN
2026-03-04 14:31:09,39.3,False,HIGH,MOIST,OPEN
2026-03-04 14:31:15,37.93,True,MEDIUM,MOIST,OPEN
2026-03-04 14:31:20,31.57,False,LOW,WET,OPEN
2026-03-04 14:31:25,26.99,False,HIGH,DRY,OPEN
2026-03-04 14:31:30,36.82,True,HIGH,DRY,OPEN
2026-03-04 14:31:35,37.07,False,LOW,DRY,OPEN
2026-03-04 14:31:40,39.16,True,LOW,MOIST,OPEN
2026-03-04 14:31:45,30.54,True,HIGH,MOIST,OPEN
2026-03-04 14:31:50,37.36,True,LOW,MOIST,OPEN
2026-03-04 14:31:55,36.47,True,LOW,DRY,OPEN
2026-03-04 14:32:00,29.88,True,LOW,DRY,OPEN
2026-03-04 14:32:05,37.16,False,MEDIUM,DRY,OPEN
2026-03-04 14:32:10,30.87,False,MEDIUM,WET,OPEN
2026-03-04 14:32:15,36.16,True,HIGH,WET,OPEN
2026-03-04 14:32:20,35.96,False,MEDIUM,DRY,OPEN
2026-03-04 14:32:25,35.35,False,MEDIUM,WET,OPEN
2026-03-04 14:32:30,25.95,True,MEDIUM,WET,OPEN
2026-03-04 14:32:35,26.58,False,LOW,WET,OPEN
2026-03-04 14:32:40,33.79,False,MEDIUM,DRY,OPEN
2026-03-04 14:32:45,37.97,False,HIGH,WET,OPEN
2026-03-04 14:32:50,35.53,False,LOW,DRY,OPEN
2026-03-04 14:32:55,36.41,False,LOW,DRY,OPEN
2026-03-04 14:33:00,31.17,False,LOW,WET,OPEN
2026-03-04 14:33:05,30.87,True,LOW,DRY,OPEN
2026-03-04 14:33:10,30.98,False,HIGH,DRY,OPEN
2026-03-04 14:33:15,37.49,False,HIGH,DRY,OPEN
2026-03-04 14:33:20,34.37,True,HIGH,MOIST,OPEN
2026-03-04 14:33:25,33.86,False,MEDIUM,DRY,OPEN
2026-03-04 14:33:30,39.58,False,MEDIUM,DRY,OPEN
2026-03-04 14:33:35,25.37,False,MEDIUM,DRY,OPEN
2026-03-04 14:33:40,25.11,False,HIGH,MOIST,OPEN
2026-03-04 14:33:45,35.28,False,MEDIUM,WET,OPEN
2026-03-04 14:33:50,37.68,True,LOW,MOIST,OPEN
2026-03-04 14:33:55,35.04,False,HIGH,MOIST,OPEN
2026-03-04 14:34:00,33.3,True,LOW,DRY,OPEN
2026-03-04 14:34:05,27.27,False,HIGH,MOIST,OPEN
2026-03-04 14:34:10,37.28,False,MEDIUM,DRY,OPEN
2026-03-04 14:34:15,30.7,True,MEDIUM,MOIST,OPEN
2026-03-04 14:34:20,29.52,True,LOW,MOIST,OPEN
2026-03-04 14:34:25,37.8,True,MEDIUM,WET,OPEN
2026-03-04 14:34:30,30.22,False,HIGH,DRY,OPEN
2026-03-04 14:34:35,31.15,True,HIGH,MOIST,OPEN
2026-03-04 14:34:40,32.12,True,HIGH,DRY,OPEN
2026-03-04 14:34:45,26.09,False,MEDIUM,MOIST,OPEN
2026-03-04 14:34:50,38.17,True,MEDIUM,DRY,OPEN
2026-03-04 14:34:55,36.28,True,MEDIUM,DRY,OPEN
2026-03-04 14:35:00,25.9,True,MEDIUM,MOIST,OPEN
2026-03-04 14:35:05,34.79,False,MEDIUM,DRY,OPEN
2026-03-04 14:35:10,39.92,False,LOW,DRY,OPEN
2026-03-04 14:35:15,30.44,True,HIGH,MOIST,OPEN
2026-03-04 14:35:20,32.7,True,HIGH,MOIST,OPEN
2026-03-04 14:35:25,35.26,False,HIGH,MOIST,OPEN
2026-03-04 14:35:30,27.61,True,HIGH,WET,OPEN
2026-03-04 14:35:35,31.49,True,MEDIUM,WET,OPEN
2026-03-04 14:35:40,39.01,True,LOW,WET,OPEN
2026-03-04 14:35:45,31.67,True,LOW,DRY,OPEN
2026-03-04 14:35:50,36.38,False,MEDIUM,DRY,OPEN
2026-03-04 14:35:55,25.57,True,MEDIUM,DRY,OPEN
2026-03-04 14:36:00,30.66,True,HIGH,WET,OPEN
2026-03-04 14:36:05,36.41,False,HIGH,WET,OPEN
2026-03-04 14:36:10,30.32,False,LOW,WET,OPEN
2026-03-04 14:36:15,31.72,True,HIGH,MOIST,OPEN
2026-03-04 14:36:20,28.02,True,MEDIUM,DRY,OPEN
2026-03-04 14:36:25,36.46,False,MEDIUM,MOIST,OPEN
2026-03-04 14:36:30,28.23,False,LOW,DRY,OPEN
2026-03-04 14:36:35,36.51,False,HIGH,MOIST,OPEN
2026-03-04 14:36:40,39.45,False,HIGH,MOIST,OPEN
2026-03-04 14:36:45,37.73,False,LOW,MOIST,OPEN
2026-03-04 14:36:50,32.88,True,HIGH,DRY,OPEN
2026-03-04 14:36:55,27.1,False,LOW,DRY,OPEN
2026-03-04 14:37:00,32.02,False,HIGH,MOIST,OPEN
2026-03-04 14:37:05,31.94,False,LOW,WET,OPEN
2026-03-04 14:37:10,25.67,False,LOW,MOIST,OPEN
2026-03-04 14:37:15,26.74,True,LOW,WET,OPEN
2026-03-04 14:37:20,31.54,True,MEDIUM,MOIST,OPEN
2026-03-04 14:37:25,37.36,False,LOW,MOIST,OPEN
2026-03-04 14:37:30,26.56,True,MEDIUM,WET,OPEN
2026-03-04 14:37:35,30.27,True,MEDIUM,WET,OPEN
2026-03-04 14:37:40,30.9,False,HIGH,WET,OPEN
2026-03-04 14:37:45,29.44,False,HIGH,DRY,OPEN
2026-03-04 14:37:50,36.01,True,MEDIUM,DRY,OPEN
2026-03-04 14:37:55,34.33,False,HIGH,WET,OPEN
2026-03-04 14:38:00,36.91,False,LOW,MOIST,OPEN
2026-03-04 14:38:06,31.24,False,LOW,WET,OPEN
2026-03-04 14:38:11,32.92,False,HIGH,MOIST,OPEN
2026-03-04 14:38:16,34.86,True,LOW,WET,OPEN
2026-03-04 14:38:21,39.27,False,MEDIUM,WET,OPEN
2026-03-04 14:38:26,37.78,False,HIGH,MOIST,OPEN
2026-03-04 14:38:31,27.11,True,LOW,WET,OPEN
2026-03-04 14:38:36,26.13,True,MEDIUM,DRY,OPEN
2026-03-04 14:38:41,36.68,True,LOW,WET,OPEN
2026-03-04 14:38:46,38.37,False,LOW,MOIST,OPEN
2026-03-04 14:38:51,26.8,True,HIGH,DRY,OPEN
2026-03-04 14:38:56,29.27,True,HIGH,WET,OPEN
2026-03-04 14:39:01,36.78,True,LOW,MOIST,OPEN
2026-03-04 14:39:06,37.7,True,MEDIUM,MOIST,OPEN
2026-03-04 14:39:11,32.0,False,HIGH,DRY,OPEN
2026-03-04 14:39:16,38.97,False,LOW,MOIST,OPEN
2026-03-04 14:39:21,39.81,False,HIGH,DRY,OPEN
2026-03-04 14:39:26,31.26,True,LOW,MOIST,OPEN
2026-03-04 14:39:31,31.26,False,HIGH,MOIST,OPEN
2026-03-04 14:39:36,26.22,True,MEDIUM,DRY,OPEN
2026-03-04 14:39:41,29.69,True,MEDIUM,WET,OPEN
2026-03-04 14:39:46,33.82,False,LOW,DRY,OPEN
2026-03-04 14:39:51,27.34,True,LOW,MOIST,OPEN
2026-03-04 14:39:56,33.77,False,LOW,WET,OPEN
2026-03-04 14:40:01,25.56,True,HIGH,WET,OPEN
2026-03-04 14:40:06,26.78,True,MEDIUM,MOIST,OPEN
2026-03-04 14:40:11,27.38,False,MEDIUM,MOIST,OPEN
2026-03-04 14:40:16,35.39,False,LOW,MOIST,OPEN
2026-03-04 14:40:21,27.9,True,HIGH,MOIST,OPEN
2026-03-04 14:40:26,37.67,True,LOW,DRY,OPEN
2026-03-04 14:40:31,30.59,False,MEDIUM,DRY,OPEN
2026-03-04 14:40:36,36.02,True,MEDIUM,DRY,OPEN
2026-03-04 14:40:41,33.71,False,LOW,MOIST,OPEN
2026-03-04 14:40:46,34.55,True,MEDIUM,MOIST,OPEN
2026-03-04 14:40:51,34.82,False,MEDIUM,WET,OPEN
2026-03-04 14:40:56,36.26,True,HIGH,DRY,OPEN
2026-03-04 14:41:01,37.05,True,LOW,MOIST,OPEN
2026-03-04 14:41:06,25.15,False,LOW,WET,OPEN
2026-03-04 14:41:11,30.01,False,LOW,MOIST,OPEN
2026-03-04 14:41:16,27.35,True,LOW,WET,OPEN
2026-03-04 14:41:21,28.34,False,LOW,MOIST,OPEN
2026-03-04 14:41:26,29.65,False,MEDIUM,WET,OPEN
2026-03-04 14:41:31,35.03,False,LOW,WET,OPEN
2026-03-04 14:41:36,26.36,False,LOW,WET,OPEN
2026-03-04 14:41:41,30.89,False,LOW,MOIST,OPEN
2026-03-04 14:41:46,31.21,True,HIGH,WET,OPEN
2026-03-04 14:41:51,32.44,True,LOW,MOIST,OPEN
2026-03-04 14:41:56,34.96,False,HIGH,DRY,OPEN
2026-03-04 14:42:01,29.34,True,LOW,MOIST,OPEN
2026-03-04 14:42:06,34.6,True,MEDIUM,MOIST,OPEN
2026-03-04 14:42:11,26.8,False,HIGH,MOIST,OPEN
2026-03-04 14:42:16,36.19,False,MEDIUM,WET,OPEN
2026-03-04 14:42:21,39.27,True,LOW,WET,OPEN
2026-03-04 14:42:26,26.08,True,MEDIUM,WET,OPEN
2026-03-04 14:42:31,30.51,True,HIGH,MOIST,OPEN
2026-03-04 14:42:36,30.31,True,HIGH,DRY,OPEN
2026-03-04 14:42:41,29.15,True,LOW,WET,OPEN
2026-03-04 14:42:46,25.6,False,MEDIUM,DRY,OPEN
2026-03-04 14:42:51,27.7,True,MEDIUM,MOIST,OPEN
2026-03-04 14:42:56,29.41,False,MEDIUM,DRY,OPEN
2026-03-04 14:43:01,30.37,True,MEDIUM,DRY,OPEN
2026-03-04 14:43:06,27.09,False,LOW,MOIST,OPEN
2026-03-04 14:43:11,30.07,False,LOW,WET,OPEN
2026-03-04 14:43:16,39.7,False,MEDIUM,DRY,OPEN
2026-03-04 14:43:21,32.81,False,MEDIUM,MOIST,OPEN
2026-03-04 14:43:26,37.37,False,MEDIUM,MOIST,OPEN
2026-03-04 14:43:31,39.93,True,LOW,DRY,OPEN
2026-03-04 14:43:36,38.88,False,HIGH,MOIST,OPEN
2026-03-04 14:43:41,39.2,True,LOW,MOIST,OPEN
2026-03-04 14:43:46,27.81,False,LOW,MOIST,OPEN
2026-03-04 14:43:51,30.59,True,HIGH,WET,OPEN
2026-03-04 14:43:56,27.19,False,HIGH,DRY,OPEN
2026-03-04 14:44:01,29.76,True,LOW,MOIST,OPEN
2026-03-04 14:44:06,26.81,True,LOW,WET,OPEN
2026-03-04 14:44:11,35.85,False,HIGH,WET,OPEN
2026-03-04 14:44:16,39.21,True,HIGH,DRY,OPEN
2026-03-04 14:44:21,35.44,True,LOW,MOIST,OPEN
2026-03-04 14:44:26,34.38,True,HIGH,DRY,OPEN
2026-03-04 14:44:32,34.52,True,LOW,MOIST,OPEN
2026-03-04 14:44:37,34.42,False,HIGH,WET,OPEN
2026-03-04 14:44:42,31.2,True,HIGH,MOIST,OPEN
2026-03-04 14:44:47,39.29,False,LOW,DRY,OPEN
2026-03-04 14:44:52,35.07,True,LOW,DRY,OPEN
2026-03-04 14:44:57,26.58,True,LOW,MOIST,OPEN
2026-03-04 14:45:02,33.21,False,HIGH,WET,OPEN
2026-03-04 14:45:07,38.13,False,MEDIUM,MOIST,OPEN
2026-03-04 14:45:12,39.03,False,HIGH,MOIST,OPEN
2026-03-04 14:45:17,38.17,True,HIGH,DRY,OPEN
2026-03-04 14:45:22,37.64,True,HIGH,WET,OPEN
2026-03-04 14:45:27,25.44,True,HIGH,DRY,OPEN
2026-03-04 14:45:32,33.44,False,MEDIUM,MOIST,OPEN
2026-03-04 14:45:37,25.84,False,MEDIUM,WET,OPEN
2026-03-04 14:45:42,39.68,False,HIGH,WET,OPEN
2026-03-04 14:45:47,28.72,True,LOW,DRY,OPEN
2026-03-04 14:45:52,35.04,True,HIGH,DRY,OPEN
2026-03-04 14:45:57,25.34,True,HIGH,WET,OPEN
2026-03-04 14:46:02,37.42,False,HIGH,WET,OPEN
2026-03-04 14:46:07,28.78,True,LOW,WET,OPEN
2026-03-04 14:46:12,36.44,False,LOW,WET,OPEN
2026-03-04 14:46:17,37.77,True,HIGH,WET,OPEN
2026-03-04 14:46:22,38.53,True,HIGH,WET,OPEN
2026-03-04 14:46:27,36.92,True,MEDIUM,DRY,OPEN
2026-03-04 14:46:32,30.09,True,HIGH,MOIST,OPEN
2026-03-04 14:46:37,30.7,True,LOW,DRY,OPEN
2026-03-04 14:46:42,30.69,False,LOW,DRY,OPEN
2026-03-04 14:46:47,29.16,True,MEDIUM,WET,OPEN
2026-03-04 14:46:52,38.37,False,HIGH,WET,OPEN
2026-03-04 14:46:57,37.7,True,MEDIUM,WET,OPEN
2026-03-04 14:47:02,30.67,False,HIGH,WET,OPEN
2026-03-04 14:47:07,33.65,True,HIGH,DRY,OPEN
2026-03-04 14:47:12,26.66,False,MEDIUM,DRY,OPEN
2026-03-04 14:47:17,27.95,True,MEDIUM,DRY,OPEN
2026-03-04 14:47:22,33.55,False,HIGH,MOIST,OPEN
2026-03-04 14:47:27,26.21,True,LOW,DRY,OPEN
2026-03-04 14:47:32,37.32,False,HIGH,MOIST,OPEN
2026-03-04 14:47:37,39.16,False,MEDIUM,DRY,OPEN
2026-03-04 14:47:42,35.57,False,LOW,WET,OPEN
2026-03-04 14:47:47,28.66,False,MEDIUM,DRY,OPEN
2026-03-04 14:47:52,28.33,False,HIGH,DRY,OPEN
2026-03-04 14:47:57,37.59,True,MEDIUM,MOIST,OPEN
2026-03-04 14:48:02,26.72,True,HIGH,WET,OPEN
2026-03-04 14:48:07,27.92,True,HIGH,MOIST,OPEN
2026-03-04 14:48:12,39.5,True,LOW,MOIST,OPEN
2026-03-04 14:48:17,38.95,True,HIGH,WET,OPEN
2026-03-04 14:48:22,27.14,True,MEDIUM,MOIST,OPEN
2026-03-04 14:48:27,37.46,False,LOW,WET,OPEN
2026-03-04 14:48:32,26.31,True,MEDIUM,DRY,OPEN
2026-03-04 14:48:37,36.85,False,MEDIUM,WET,OPEN
2026-03-04 14:48:42,28.09,False,LOW,DRY,OPEN
2026-03-04 14:48:47,33.53,True,MEDIUM,MOIST,OPEN
2026-03-04 14:48:52,34.82,False,MEDIUM,WET,OPEN
2026-03-04 14:48:57,25.82,False,HIGH,MOIST,OPEN
2026-03-04 14:49:02,26.92,False,MEDIUM,WET,OPEN
2026-03-04 14:49:07,35.08,False,HIGH,MOIST,OPEN
2026-03-04 14:49:12,27.13,False,LOW,MOIST,OPEN
2026-03-04 14:49:17,32.95,False,LOW,MOIST,OPEN
2026-03-04 14:49:22,35.79,True,MEDIUM,MOIST,OPEN
2026-03-04 14:49:27,30.39,True,MEDIUM,DRY,OPEN
2026-03-04 14:49:32,36.84,True,LOW,MOIST,OPEN
2026-03-04 14:49:37,37.7,False,HIGH,WET,OPEN
2026-03-04 14:49:42,35.78,False,LOW,WET,OPEN
2026-03-04 14:49:47,32.22,True,MEDIUM,WET,OPEN
2026-03-04 14:49:52,29.34,True,HIGH,DRY,OPEN
2026-03-04 14:49:57,36.01,False,MEDIUM,WET,OPEN
2026-03-04 14:50:02,38.12,True,LOW,MOIST,OPEN
2026-03-04 14:50:07,29.56,False,HIGH,MOIST,OPEN
2026-03-04 14:50:12,35.31,True,MEDIUM,MOIST,OPEN
2026-03-04 14:50:17,39.1,False,HIGH,MOIST,OPEN
2026-03-04 14:50:22,32.88,True,MEDIUM,DRY,OPEN
2026-03-04 14:50:27,38.3,True,HIGH,WET,OPEN
2026-03-04 14:50:32,28.09,False,MEDIUM,MOIST,OPEN
2026-03-04 14:50:37,25.6,True,MEDIUM,DRY,OPEN
2026-03-04 14:50:42,31.76,False,LOW,MOIST,OPEN
2026-03-04 14:50:47,26.32,True,LOW,WET,OPEN
2026-03-04 14:50:52,27.55,False,MEDIUM,DRY,OPEN
2026-03-04 14:50:57,30.3,False,HIGH,DRY,OPEN
2026-03-04 14:51:02,32.03,True,LOW,WET,OPEN
2026-03-04 14:51:08,36.81,True,LOW,MOIST,OPEN
2026-03-04 14:51:13,36.06,False,MEDIUM,MOIST,OPEN
2026-03-04 14:51:18,28.53,True,HIGH,DRY,OPEN
2026-03-04 14:51:23,36.32,False,MEDIUM,MOIST,OPEN
2026-03-04 14:51:28,33.21,True,LOW,DRY,OPEN
2026-03-04 14:51:33,35.05,True,HIGH,WET,OPEN
2026-03-04 14:51:38,33.57,False,MEDIUM,DRY,OPEN
2026-03-04 14:51:43,30.75,False,HIGH,MOIST,OPEN
2026-03-04 14:51:48,37.32,False,LOW,DRY,OPEN
2026-03-04 14:51:53,31.09,False,HIGH,WET,OPEN
2026-03-04 14:51:58,36.37,False,HIGH,DRY,OPEN
2026-03-04 14:52:03,26.91,False,HIGH,WET,OPEN
2026-03-04 14:52:08,26.8,True,HIGH,MOIST,OPEN
2026-03-04 14:52:13,28.97,True,MEDIUM,DRY,OPEN
2026-03-04 14:52:18,38.57,True,LOW,DRY,OPEN
2026-03-04 14:52:23,27.73,True,HIGH,DRY,OPEN
2026-03-04 14:52:28,36.6,False,MEDIUM,DRY,OPEN
2026-03-04 14:52:33,28.19,True,HIGH,DRY,OPEN
2026-03-04 14:52:38,34.19,True,MEDIUM,WET,OPEN
2026-03-04 14:52:43,38.31,True,MEDIUM,WET,OPEN
2026-03-04 14:52:48,31.24,True,LOW,DRY,OPEN
2026-03-04 14:52:53,36.08,False,LOW,WET,OPEN
2026-03-04 14:52:58,39.55,True,MEDIUM,DRY,OPEN
2026-03-04 14:53:03,38.1,True,MEDIUM,DRY,OPEN
2026-03-04 14:53:08,26.73,True,MEDIUM,WET,OPEN
2026-03-04 14:53:13,34.72,True,HIGH,WET,OPEN
2026-03-04 14:53:18,34.82,False,LOW,WET,OPEN
2026-03-04 14:53:23,38.68,False,MEDIUM,MOIST,OPEN
2026-03-04 14:53:28,33.78,True,HIGH,DRY,OPEN
2026-03-04 14:53:33,38.12,False,LOW,WET,OPEN
2026-03-04 14:53:38,36.82,True,MEDIUM,DRY,OPEN
2026-03-04 14:53:43,38.95,True,LOW,DRY,OPEN
2026-03-04 14:53:48,37.35,True,LOW,MOIST,OPEN
2026-03-04 14:53:53,34.82,True,HIGH,DRY,OPEN
2026-03-04 14:53:58,29.98,True,LOW,DRY,OPEN
2026-03-04 14:54:03,26.79,True,HIGH,MOIST,OPEN
2026-03-04 14:54:08,34.62,False,MEDIUM,WET,OPEN
2026-03-04 14:54:13,39.3,False,MEDIUM,WET,OPEN
2026-03-04 14:54:18,27.41,True,MEDIUM,MOIST,OPEN
2026-03-04 14:54:23,34.04,True,HIGH,MOIST,OPEN
2026-03-04 14:54:28,35.21,False,MEDIUM,DRY,OPEN
2026-03-04 14:54:33,25.13,False,HIGH,WET,OPEN
2026-03-04 14:54:38,28.33,True,HIGH,MOIST,OPEN
2026-03-04 14:54:43,28.14,False,LOW,DRY,OPEN
2026-03-04 14:54:48,39.47,False,HIGH,DRY,OPEN
2026-03-04 14:54:53,30.38,True,MEDIUM,DRY,OPEN
2026-03-04 14:54:58,39.69,True,HIGH,WET,OPEN
2026-03-04 14:55:03,31.39,False,HIGH,WET,OPEN
2026-03-04 14:55:08,39.54,False,MEDIUM,MOIST,OPEN
2026-03-04 14:55:13,37.74,True,MEDIUM,MOIST,OPEN
2026-03-04 14:55:18,30.68,True,MEDIUM,WET,OPEN
2026-03-04 14:55:23,29.93,False,MEDIUM,WET,OPEN
2026-03-04 14:55:28,34.39,False,LOW,WET,OPEN
2026-03-04 14:55:33,37.25,True,MEDIUM,WET,OPEN
2026-03-04 14:55:38,29.04,True,LOW,WET,OPEN
2026-03-04 14:55:43,32.14,False,LOW,DRY,OPEN
2026-03-04 14:55:48,31.39,False,LOW,MOIST,OPEN
2026-03-04 14:55:53,27.71,False,HIGH,WET,OPEN
2026-03-04 14:55:58,36.38,True,LOW,WET,OPEN
2026-03-04 14:56:03,36.89,True,LOW,WET,OPEN
2026-03-04 14:56:08,26.44,True,MEDIUM,WET,OPEN
2026-03-04 14:56:13,35.72,True,LOW,MOIST,OPEN
2026-03-04 14:56:18,39.4,False,MEDIUM,WET,OPEN
2026-03-04 14:56:23,37.0,False,HIGH,MOIST,OPEN
2026-03-04 14:56:28,38.15,False,LOW,WET,OPEN
2026-03-04 14:56:33,28.62,True,HIGH,MOIST,OPEN
2026-03-04 14:56:38,40.0,True,LOW,DRY,OPEN
2026-03-04 14:56:43,33.1,True,HIGH,WET,OPEN
2026-03-04 14:56:48,26.24,False,LOW,DRY,OPEN
2026-03-04 14:56:53,33.91,False,MEDIUM,MOIST,OPEN
2026-03-04 14:56:58,29.18,False,LOW,DRY,OPEN
2026-03-04 14:57:03,29.25,False,MEDIUM,DRY,OPEN
2026-03-04 14:57:08,30.28,True,HIGH,WET,OPEN
2026-03-04 14:57:13,29.19,False,LOW,DRY,OPEN
2026-03-04 14:57:18,28.04,False,MEDIUM,WET,OPEN
2026-03-04 14:57:23,26.78,False,HIGH,DRY,OPEN
2026-03-04 14:57:28,36.64,False,HIGH,DRY,OPEN
2026-03-04 14:57:34,34.11,True,HIGH,WET,OPEN
2026-03-04 14:57:39,37.24,False,MEDIUM,MOIST,OPEN
2026-03-04 14:57:44,25.54,True,HIGH,DRY,OPEN
2026-03-04 14:57:49,31.29,False,HIGH,WET,OPEN
2026-03-04 14:57:54,39.18,True,HIGH,DRY,OPEN
2026-03-04 14:57:59,33.27,True,LOW,DRY,OPEN
2026-03-04 14:58:04,31.97,False,LOW,WET,OPEN
2026-03-04 14:58:09,33.5,True,MEDIUM,WET,OPEN
2026-03-04 14:58:14,31.22,True,MEDIUM,DRY,OPEN
2026-03-04 14:58:19,29.92,True,LOW,MOIST,OPEN
2026-03-04 14:58:24,28.36,False,HIGH,DRY,OPEN
2026-03-04 14:58:29,37.65,True,LOW,DRY,OPEN
2026-03-04 14:58:34,29.72,True,LOW,WET,OPEN
2026-03-04 14:58:39,35.76,False,HIGH,MOIST,OPEN
2026-03-04 14:58:44,37.79,True,LOW,MOIST,OPEN
2026-03-04 14:58:49,37.04,True,MEDIUM,WET,OPEN
2026-03-04 14:58:54,28.27,False,LOW,WET,OPEN
2026-03-04 14:58:59,26.67,True,LOW,DRY,OPEN
2026-03-04 14:59:04,32.2,True,MEDIUM,WET,OPEN
2026-03-04 14:59:09,33.83,True,HIGH,WET,OPEN
2026-03-04 14:59:14,27.33,True,HIGH,MOIST,OPEN
2026-03-04 14:59:19,34.79,False,HIGH,DRY,OPEN
2026-03-04 14:59:24,25.95,False,MEDIUM,WET,OPEN
2026-03-04 14:59:29,37.91,False,LOW,WET,OPEN
2026-03-04 14:59:34,32.83,False,LOW,MOIST,OPEN
2026-03-04 14:59:39,31.86,True,HIGH,WET,OPEN
2026-03-04 14:59:44,35.38,True,LOW,DRY,OPEN
2026-03-04 14:59:49,36.78,True,LOW,DRY,OPEN
2026-03-04 14:59:54,33.37,False,MEDIUM,MOIST,OPEN
2026-03-04 14:59:59,30.47,True,LOW,DRY,OPEN
2026-03-04 15:00:04,28.73,True,MEDIUM,WET,OPEN
2026-03-04 15:00:09,37.62,False,LOW,DRY,OPEN
2026-03-04 15:00:14,26.22,False,HIGH,WET,OPEN
2026-03-04 15:00:19,35.18,False,HIGH,MOIST,OPEN
2026-03-04 15:00:24,35.79,True,MEDIUM,WET,OPEN
2026-03-04 15:00:29,37.96,True,LOW,MOIST,OPEN
2026-03-04 15:00:34,30.79,False,LOW,DRY,OPEN
2026-03-04 15:00:39,31.63,False,HIGH,WET,OPEN
2026-03-04 15:00:44,34.5,False,LOW,WET,OPEN
2026-03-04 15:00:49,27.72,False,MEDIUM,WET,OPEN
2026-03-04 15:00:54,28.98,True,HIGH,DRY,OPEN
2026-03-04 15:00:59,36.9,True,MEDIUM,DRY,OPEN
2026-03-04 15:01:04,26.32,False,MEDIUM,DRY,OPEN
2026-03-04 15:01:09,31.12,True,LOW,DRY,OPEN
2026-03-04 15:01:14,37.27,True,HIGH,DRY,OPEN
2026-03-04 15:01:19,34.49,True,HIGH,MOIST,OPEN
2026-03-04 15:01:24,28.46,True,MEDIUM,DRY,OPEN
2026-03-04 15:01:29,26.58,True,LOW,MOIST,OPEN
2026-03-04 15:01:34,29.25,False,LOW,WET,OPEN
2026-03-04 15:01:39,28.38,False,HIGH,MOIST,OPEN
2026-03-04 15:01:44,26.68,True,HIGH,DRY,OPEN
2026-03-04 15:01:49,25.6,False,HIGH,WET,OPEN
2026-03-04 15:01:54,28.28,True,HIGH,MOIST,OPEN
2026-03-04 15:01:59,35.02,False,HIGH,MOIST,OPEN
2026-03-04 15:02:04,35.4,True,HIGH,WET,OPEN
2026-03-04 15:02:09,37.77,True,LOW,DRY,OPEN
2026-03-04 15:02:14,26.03,True,HIGH,MOIST,OPEN
2026-03-04 15:02:19,32.14,True,HIGH,MOIST,OPEN
2026-03-04 15:02:24,31.41,True,HIGH,WET,OPEN
2026-03-04 15:02:29,32.51,False,HIGH,WET,OPEN
2026-03-04 15:02:34,38.33,True,MEDIUM,WET,OPEN
2026-03-04 15:02:39,34.87,True,LOW,MOIST,OPEN
2026-03-04 15:02:44,33.8,False,HIGH,MOIST,OPEN
2026-03-04 15:02:49,30.78,True,HIGH,WET,OPEN
2026-03-04 15:02:54,39.27,True,HIGH,MOIST,OPEN
2026-03-04 15:02:59,33.15,False,HIGH,WET,OPEN
2026-03-04 15:03:04,30.24,False,MEDIUM,DRY,OPEN
2026-03-04 15:03:09,29.82,True,MEDIUM,DRY,OPEN
2026-03-04 15:03:14,38.69,True,LOW,WET,OPEN
2026-03-04 15:03:19,37.15,False,MEDIUM,WET,OPEN
2026-03-04 15:03:24,33.65,False,HIGH,MOIST,OPEN
2026-03-04 15:03:29,28.06,True,HIGH,DRY,OPEN
2026-03-04 15:03:34,26.12,False,HIGH,MOIST,OPEN
2026-03-04 15:03:39,35.62,True,LOW,MOIST,OPEN
2026-03-04 15:03:44,32.89,True,HIGH,MOIST,OPEN
2026-03-04 15:03:49,35.79,True,LOW,MOIST,OPEN
2026-03-04 15:03:54,36.0,False,LOW,MOIST,OPEN
2026-03-04 15:03:59,29.9,False,HIGH,WET,OPEN
2026-03-04 15:04:04,36.21,True,HIGH,DRY,OPEN
2026-03-04 15:04:09,33.17,False,MEDIUM,DRY,OPEN
2026-03-04 15:04:14,26.59,True,MEDIUM,WET,OPEN
2026-03-04 15:04:19,30.74,False,LOW,MOIST,OPEN
2026-03-04 15:04:24,28.49,True,MEDIUM,MOIST,OPEN
2026-03-04 15:04:29,28.6,True,LOW,MOIST,OPEN
2026-03-04 15:04:34,26.97,False,LOW,MOIST,OPEN
2026-03-04 15:04:40,26.54,True,LOW,MOIST,OPEN
2026-03-04 15:04:45,29.52,False,LOW,DRY,OPEN
2026-03-04 15:04:50,28.59,False,HIGH,WET,OPEN
2026-03-04 15:04:55,29.1,True,MEDIUM,WET,OPEN
2026-03-04 15:05:00,27.15,False,LOW,DRY,OPEN
2026-03-04 15:05:05,31.17,True,LOW,MOIST,OPEN
2026-03-04 15:05:10,34.87,False,MEDIUM,DRY,OPEN
2026-03-04 15:05:15,30.53,True,HIGH,MOIST,OPEN
2026-03-04 15:05:20,38.45,False,LOW,MOIST,OPEN
2026-03-04 15:05:25,35.89,True,HIGH,MOIST,OPEN
2026-03-04 15:05:30,27.41,False,MEDIUM,MOIST,OPEN
2026-03-04 15:05:35,34.16,False,LOW,WET,OPEN
2026-03-04 15:05:40,26.23,False,HIGH,WET,OPEN
2026-03-04 15:05:45,34.75,True,MEDIUM,DRY,OPEN
2026-03-04 15:05:50,30.4,True,HIGH,DRY,OPEN
2026-03-04 15:05:55,26.04,True,LOW,MOIST,OPEN
2026-03-04 15:06:00,39.52,False,HIGH,WET,OPEN
2026-03-04 15:06:05,37.79,False,MEDIUM,DRY,OPEN
2026-03-04 15:06:10,33.38,False,MEDIUM,DRY,OPEN
2026-03-04 15:06:15,30.23,False,HIGH,WET,OPEN
2026-03-04 15:06:20,36.91,True,HIGH,WET,OPEN
2026-03-04 15:06:25,33.82,True,LOW,WET,OPEN
2026-03-04 15:06:30,35.99,False,HIGH,DRY,OPEN
2026-03-04 15:06:35,37.5,False,MEDIUM,DRY,OPEN
2026-03-04 15:06:40,27.35,False,LOW,MOIST,OPEN
2026-03-04 15:06:45,30.66,False,HIGH,WET,OPEN
2026-03-04 15:06:50,34.07,True,MEDIUM,WET,OPEN
2026-03-04 15:06:55,38.1,True,MEDIUM,DRY,OPEN
2026-03-04 15:07:00,26.35,False,MEDIUM,DRY,OPEN
2026-03-04 15:07:05,36.78,False,MEDIUM,WET,OPEN
2026-03-04 15:07:10,39.14,True,HIGH,WET,OPEN
2026-03-04 15:07:15,38.9,False,MEDIUM,DRY,OPEN
2026-03-04 15:07:20,38.26,True,HIGH,DRY,OPEN
2026-03-04 15:07:25,27.96,True,MEDIUM,DRY,OPEN
2026-03-04 15:07:30,26.06,True,HIGH,WET,OPEN
2026-03-04 15:07:35,29.11,False,MEDIUM,WET,OPEN
2026-03-04 15:07:40,37.47,True,LOW,DRY,OPEN
2026-03-04 15:07:45,25.73,False,HIGH,DRY,OPEN
2026-03-04 15:07:50,37.02,True,HIGH,DRY,OPEN
2026-03-04 15:07:55,33.41,False,MEDIUM,DRY,OPEN
2026-03-04 15:08:00,35.27,True,HIGH,WET,OPEN
2026-03-04 15:08:05,27.17,True,LOW,MOIST,OPEN
2026-03-04 15:08:10,33.01,True,LOW,DRY,OPEN
2026-03-04 15:08:15,28.12,True,LOW,WET,OPEN
2026-03-04 15:08:20,33.81,False,LOW,DRY,OPEN
2026-03-04 15:08:25,31.82,False,HIGH,WET,OPEN
2026-03-04 15:08:30,25.25,True,LOW,DRY,OPEN
2026-03-04 15:08:35,33.59,False,LOW,DRY,OPEN
2026-03-04 15:08:40,31.32,False,LOW,DRY,OPEN
2026-03-04 15:08:45,28.75,False,MEDIUM,WET,OPEN
2026-03-04 15:08:50,31.66,True,LOW,WET,OPEN
2026-03-04 15:08:55,39.0,True,HIGH,DRY,OPEN
2026-03-04 15:09:00,37.96,True,HIGH,DRY,OPEN
2026-03-04 15:09:05,33.41,False,MEDIUM,MOIST,OPEN
2026-03-04 15:09:10,27.11,False,HIGH,DRY,OPEN
2026-03-04 15:09:15,29.63,False,HIGH,MOIST,OPEN
2026-03-04 15:09:20,39.48,False,LOW,DRY,OPEN
2026-03-04 15:09:25,33.07,False,LOW,DRY,OPEN
2026-03-04 15:09:30,26.81,True,HIGH,WET,OPEN
2026-03-04 15:09:35,27.81,True,MEDIUM,WET,OPEN
2026-03-04 15:09:40,37.37,True,MEDIUM,DRY,OPEN
2026-03-04 15:09:45,28.14,False,HIGH,MOIST,OPEN
2026-03-04 15:09:50,37.59,False,LOW,MOIST,OPEN
2026-03-04 15:09:55,35.29,True,LOW,MOIST,OPEN
2026-03-04 15:10:00,31.56,False,LOW,DRY,OPEN
2026-03-04 15:10:05,27.24,False,MEDIUM,MOIST,OPEN
2026-03-04 15:10:10,33.3,False,LOW,DRY,OPEN
2026-03-04 15:10:15,37.14,True,HIGH,WET,OPEN
2026-03-04 15:10:20,27.87,True,HIGH,DRY,OPEN
2026-03-04 15:10:25,37.76,False,MEDIUM,MOIST,OPEN
2026-03-04 15:10:30,25.45,True,MEDIUM,WET,OPEN
2026-03-04 15:10:35,39.4,True,LOW,DRY,OPEN
2026-03-04 15:10:40,28.31,False,MEDIUM,MOIST,OPEN
2026-03-04 15:10:45,36.25,False,HIGH,MOIST,OPEN
2026-03-04 15:10:50,35.83,True,LOW,MOIST,OPEN
2026-03-04 15:10:55,27.74,True,LOW,WET,OPEN
2026-03-04 15:11:00,27.95,False,LOW,WET,OPEN
2026-03-04 15:11:05,32.84,True,MEDIUM,WET,OPEN
2026-03-04 15:11:10,26.07,False,LOW,DRY,OPEN
2026-03-04 15:11:15,27.85,False,HIGH,DRY,OPEN
2026-03-04 15:11:20,36.37,False,MEDIUM,DRY,OPEN
2026-03-04 15:11:25,25.66,False,LOW,MOIST,OPEN
2026-03-04 15:11:30,30.38,True,MEDIUM,DRY,OPEN
2026-03-04 15:11:35,25.38,False,HIGH,MOIST,OPEN
2026-03-04 15:11:41,29.82,True,HIGH,DRY,OPEN
2026-03-04 15:11:46,34.11,True,HIGH,MOIST,OPEN
2026-03-04 15:11:51,26.43,False,HIGH,DRY,OPEN
2026-03-04 15:11:56,31.54,False,HIGH,DRY,OPEN
2026-03-04 15:12:01,25.5,False,HIGH,WET,OPEN
2026-03-04 15:12:06,32.07,True,HIGH,DRY,OPEN
2026-03-04 15:12:11,34.37,False,LOW,MOIST,OPEN
2026-03-04 15:12:16,30.24,False,MEDIUM,MOIST,OPEN
2026-03-04 15:12:21,31.17,False,HIGH,DRY,OPEN
2026-03-04 15:12:26,37.21,True,LOW,DRY,OPEN
2026-03-04 15:12:31,37.63,True,LOW,DRY,OPEN
2026-03-04 15:12:36,38.69,True,HIGH,DRY,OPEN
2026-03-04 15:12:41,26.15,True,MEDIUM,DRY,OPEN
2026-03-04 15:12:46,37.84,False,MEDIUM,DRY,OPEN
2026-03-04 15:12:51,29.31,True,HIGH,DRY,OPEN
2026-03-04 15:12:56,35.86,False,MEDIUM,MOIST,OPEN
2026-03-04 15:13:01,39.2,True,MEDIUM,WET,OPEN
2026-03-04 15:13:06,29.83,True,LOW,DRY,OPEN
2026-03-04 15:13:11,37.55,True,HIGH,DRY,OPEN
2026-03-04 15:13:16,25.14,True,MEDIUM,DRY,OPEN
2026-03-04 15:13:21,35.93,True,LOW,MOIST,OPEN
2026-03-04 15:13:26,30.28,True,LOW,DRY,OPEN
2026-03-04 15:13:31,38.47,False,HIGH,MOIST,OPEN
2026-03-04 15:13:36,37.4,True,LOW,WET,OPEN
2026-03-04 15:13:41,35.55,False,LOW,WET,OPEN
2026-03-04 15:13:46,27.71,False,HIGH,WET,OPEN
2026-03-04 15:13:51,26.09,True,MEDIUM,WET,OPEN
2026-03-04 15:13:56,32.72,False,HIGH,MOIST,OPEN
2026-03-04 15:14:01,38.72,True,MEDIUM,WET,OPEN
2026-03-04 15:14:06,32.81,False,MEDIUM,WET,OPEN
2026-03-04 15:14:11,36.44,False,HIGH,WET,OPEN
2026-03-04 15:14:16,34.19,True,HIGH,MOIST,OPEN
2026-03-04 15:14:21,27.07,True,HIGH,DRY,OPEN
2026-03-04 15:14:26,25.74,True,LOW,MOIST,OPEN
2026-03-04 15:14:31,39.86,True,MEDIUM,DRY,OPEN
2026-03-04 15:14:36,32.71,False,LOW,WET,OPEN
2026-03-04 15:14:41,33.07,False,HIGH,DRY,OPEN
2026-03-04 15:14:46,29.22,False,LOW,DRY,OPEN
2026-03-04 15:14:51,39.17,True,MEDIUM,DRY,OPEN
2026-03-04 15:14:56,29.35,False,LOW,WET,OPEN
2026-03-04 15:15:01,38.83,False,MEDIUM,DRY,OPEN
2026-03-04 15:15:06,35.09,False,HIGH,MOIST,OPEN
2026-03-04 15:15:11,37.33,True,HIGH,DRY,OPEN
2026-03-04 15:15:16,29.36,False,MEDIUM,DRY,OPEN
2026-03-04 15:15:21,31.23,False,HIGH,WET,OPEN
2026-03-04 15:15:26,31.54,False,HIGH,WET,OPEN
2026-03-04 15:15:31,27.66,False,MEDIUM,WET,OPEN
2026-03-04 15:15:36,39.67,False,LOW,DRY,OPEN
2026-03-04 15:15:41,36.81,False,HIGH,MOIST,OPEN
2026-03-04 15:15:46,25.73,False,HIGH,WET,OPEN
2026-03-04 15:15:51,27.42,False,MEDIUM,WET,OPEN
2026-03-04 15:15:56,39.31,True,MEDIUM,WET,OPEN
2026-03-04 15:16:01,27.76,False,LOW,WET,OPEN
2026-03-04 15:16:06,27.08,False,LOW,DRY,OPEN
2026-03-04 15:16:11,25.9,False,LOW,MOIST,OPEN
2026-03-04 15:16:16,32.9,True,HIGH,MOIST,OPEN
2026-03-04 15:16:21,30.88,False,HIGH,DRY,OPEN
2026-03-04 15:16:26,35.7,False,MEDIUM,DRY,OPEN
2026-03-04 15:16:31,38.61,True,MEDIUM,WET,OPEN
2026-03-04 15:16:36,37.32,False,HIGH,DRY,OPEN
2026-03-04 15:16:41,32.04,True,MEDIUM,MOIST,OPEN
2026-03-04 15:16:46,33.05,False,LOW,WET,OPEN
2026-03-04 15:16:51,28.86,False,HIGH,DRY,OPEN
2026-03-04 15:16:56,33.8,True,MEDIUM,MOIST,OPEN
2026-03-04 15:17:01,28.76,False,MEDIUM,MOIST,OPEN
2026-03-04 15:17:06,34.57,False,MEDIUM,MOIST,OPEN
2026-03-04 15:17:11,34.03,True,HIGH,MOIST,OPEN
2026-03-04 15:17:16,37.21,True,MEDIUM,MOIST,OPEN
2026-03-04 15:17:21,32.38,False,MEDIUM,DRY,OPEN
2026-03-04 15:17:27,37.04,False,MEDIUM,DRY,OPEN
2026-03-04 15:17:32,30.49,False,MEDIUM,WET,OPEN
2026-03-04 15:17:37,31.92,False,HIGH,WET,OPEN
2026-03-04 15:17:42,28.76,False,HIGH,MOIST,OPEN
2026-03-04 15:17:47,32.7,False,MEDIUM,WET,OPEN
2026-03-04 15:17:52,31.26,True,HIGH,WET,OPEN
2026-03-04 15:17:57,36.55,False,MEDIUM,MOIST,OPEN
2026-03-04 15:18:02,36.52,False,LOW,DRY,OPEN
2026-03-04 15:18:07,28.86,True,MEDIUM,WET,OPEN
2026-03-04 15:18:12,37.09,True,HIGH,DRY,OPEN
2026-03-04 15:18:17,32.56,True,HIGH,DRY,OPEN
2026-03-04 15:18:22,34.73,True,MEDIUM,WET,OPEN
2026-03-04 15:18:27,31.94,True,MEDIUM,WET,OPEN
2026-03-04 15:18:32,29.99,False,LOW,WET,OPEN
2026-03-04 15:18:37,34.55,False,MEDIUM,WET,OPEN
2026-03-04 15:18:42,34.34,True,LOW,WET,OPEN
2026-03-04 15:18:47,31.35,True,LOW,MOIST,OPEN
2026-03-04 15:18:52,36.32,True,HIGH,DRY,OPEN
2026-03-04 15:18:57,37.82,True,MEDIUM,DRY,OPEN
2026-03-04 15:19:02,34.66,True,HIGH,MOIST,OPEN
2026-03-04 15:19:07,30.46,True,HIGH,DRY,OPEN
2026-03-04 15:19:12,39.81,True,MEDIUM,DRY,OPEN
2026-03-04 15:19:17,28.0,False,LOW,DRY,OPEN
2026-03-04 15:19:22,31.09,False,HIGH,WET,OPEN
2026-03-04 15:19:27,33.94,True,HIGH,WET,OPEN
2026-03-04 15:19:32,26.87,False,MEDIUM,DRY,OPEN
2026-03-04 15:19:37,31.45,False,LOW,WET,OPEN
2026-03-04 15:19:42,29.27,True,LOW,DRY,OPEN
2026-03-04 15:19:47,32.09,True,MEDIUM,WET,OPEN
2026-03-04 15:19:52,25.84,True,HIGH,DRY,OPEN
2026-03-04 15:19:57,33.89,True,HIGH,WET,OPEN
2026-03-04 15:20:02,27.98,False,HIGH,MOIST,OPEN
2026-03-04 15:20:07,26.78,False,MEDIUM,WET,OPEN
2026-03-04 15:20:12,35.31,True,MEDIUM,WET,OPEN
2026-03-04 15:20:17,26.19,False,HIGH,MOIST,OPEN
2026-03-04 15:20:22,28.78,False,LOW,WET,OPEN
2026-03-04 15:20:27,27.06,False,LOW,DRY,OPEN
2026-03-04 15:20:32,28.95,True,MEDIUM,MOIST,OPEN
2026-03-04 15:20:37,29.42,True,LOW,MOIST,OPEN
2026-03-04 15:20:42,34.69,False,MEDIUM,DRY,OPEN
2026-03-04 15:20:47,30.06,True,LOW,WET,OPEN
2026-03-04 15:20:52,27.8,True,MEDIUM,DRY,OPEN
2026-03-04 15:20:57,34.35,False,LOW,DRY,OPEN
2026-03-04 15:21:02,35.01,True,HIGH,MOIST,OPEN
2026-03-04 15:21:07,32.22,True,MEDIUM,DRY,OPEN
2026-03-04 15:21:12,36.45,True,MEDIUM,MOIST,OPEN
2026-03-04 15:21:17,32.04,True,MEDIUM,WET,OPEN
2026-03-04 15:21:22,28.85,False,LOW,DRY,OPEN
2026-03-04 15:21:27,28.45,False,HIGH,MOIST,OPEN
2026-03-04 15:21:32,30.36,False,MEDIUM,MOIST,OPEN
2026-03-04 15:21:37,35.66,False,LOW,MOIST,OPEN
2026-03-04 15:21:42,35.16,False,LOW,MOIST,OPEN
2026-03-04 15:21:47,26.38,False,LOW,WET,OPEN
2026-03-04 15:21:52,33.96,True,HIGH,DRY,OPEN
2026-03-04 15:21:57,31.16,False,HIGH,WET,OPEN
2026-03-04 15:22:02,34.13,False,LOW,DRY,OPEN
2026-03-04 15:22:07,31.57,False,MEDIUM,DRY,OPEN
2026-03-04 15:22:12,34.0,True,HIGH,MOIST,OPEN
2026-03-04 15:22:17,32.59,True,LOW,WET,OPEN
2026-03-04 15:22:22,25.08,False,MEDIUM,DRY,OPEN
2026-03-04 15:22:27,28.37,False,HIGH,WET,OPEN
2026-03-04 15:22:32,30.96,True,LOW,DRY,OPEN
2026-03-04 15:22:37,26.31,True,MEDIUM,WET,OPEN
2026-03-04 15:22:42,39.06,False,MEDIUM,WET,OPEN
2026-03-04 15:22:47,26.25,False,HIGH,DRY,OPEN
2026-03-04 15:22:52,28.35,False,MEDIUM,MOIST,OPEN
2026-03-04 15:22:57,28.49,True,HIGH,MOIST,OPEN
2026-03-04 15:23:02,27.76,True,MEDIUM,MOIST,OPEN
2026-03-04 15:23:07,27.84,True,LOW,WET,OPEN
2026-03-04 15:23:12,33.21,False,LOW,DRY,OPEN
2026-03-04 15:23:17,33.18,True,MEDIUM,DRY,OPEN
2026-03-04 15:23:22,27.56,False,HIGH,MOIST,OPEN
2026-03-04 15:23:28,34.3,True,MEDIUM,DRY,OPEN
2026-03-04 15:23:33,30.63,False,HIGH,DRY,OPEN
2026-03-04 15:23:38,37.58,True,LOW,WET,OPEN
2026-03-04 15:23:43,36.31,False,MEDIUM,WET,OPEN
2026-03-04 15:23:48,34.31,False,LOW,MOIST,OPEN
2026-03-04 15:23:53,26.68,False,HIGH,WET,OPEN
2026-03-04 15:23:58,36.06,False,MEDIUM,WET,OPEN
2026-03-04 15:24:03,30.9,False,LOW,MOIST,OPEN
2026-03-04 15:24:08,26.91,True,LOW,MOIST,OPEN
2026-03-04 15:24:13,26.62,False,MEDIUM,MOIST,OPEN
2026-03-04 15:24:18,27.06,True,MEDIUM,WET,OPEN
2026-03-04 15:24:23,25.29,True,MEDIUM,WET,OPEN
2026-03-04 15:24:28,27.4,True,LOW,MOIST,OPEN
2026-03-04 15:24:33,31.85,True,HIGH,MOIST,OPEN
2026-03-04 15:24:38,29.18,False,LOW,WET,OPEN
2026-03-04 15:24:43,38.45,True,LOW,DRY,OPEN
2026-03-04 15:24:48,25.77,True,LOW,WET,OPEN
2026-03-04 15:24:53,25.09,True,LOW,DRY,OPEN
2026-03-04 15:24:58,30.19,False,LOW,WET,OPEN
2026-03-04 15:25:03,30.47,False,LOW,MOIST,OPEN
2026-03-04 15:25:08,36.17,True,MEDIUM,WET,OPEN
2026-03-04 15:25:13,30.25,False,MEDIUM,DRY,OPEN
2026-03-04 15:25:18,29.59,True,MEDIUM,DRY,OPEN
2026-03-04 15:25:23,30.54,False,HIGH,DRY,OPEN
2026-03-04 15:25:28,34.31,True,LOW,DRY,OPEN
2026-03-04 15:25:33,28.61,True,HIGH,DRY,OPEN
2026-03-04 15:25:38,27.93,False,MEDIUM,WET,OPEN
2026-03-04 15:25:43,27.08,False,LOW,MOIST,OPEN
2026-03-04 15:25:48,33.77,False,LOW,WET,OPEN
2026-03-04 15:25:53,25.11,True,HIGH,MOIST,OPEN
2026-03-04 15:25:58,26.53,False,LOW,WET,OPEN
2026-03-04 15:26:03,29.32,False,HIGH,DRY,OPEN
2026-03-04 15:26:08,31.11,True,LOW,DRY,OPEN
2026-03-04 15:26:13,35.33,False,LOW,DRY,OPEN
2026-03-04 15:26:18,33.0,False,MEDIUM,MOIST,OPEN
2026-03-04 15:26:23,39.19,True,HIGH,DRY,OPEN
2026-03-04 15:26:28,29.5,True,HIGH,WET,OPEN
2026-03-04 15:26:33,39.42,False,HIGH,DRY,OPEN
2026-03-04 15:26:38,29.94,True,LOW,MOIST,OPEN
2026-03-04 15:26:43,33.73,True,LOW,MOIST,OPEN
2026-03-04 15:26:48,28.31,False,LOW,MOIST,OPEN
2026-03-04 15:26:53,26.14,False,LOW,MOIST,OPEN
2026-03-04 15:26:58,25.18,False,HIGH,DRY,OPEN
2026-03-04 15:27:03,34.08,False,HIGH,MOIST,OPEN
2026-03-04 15:27:08,36.82,False,HIGH,MOIST,OPEN
2026-03-04 15:27:13,27.26,True,LOW,WET,OPEN
2026-03-04 15:27:18,38.97,True,HIGH,WET,OPEN
2026-03-04 15:27:23,30.64,True,LOW,WET,OPEN
2026-03-04 15:27:28,38.78,True,MEDIUM,MOIST,OPEN
2026-03-04 15:27:33,31.92,True,LOW,MOIST,OPEN
2026-03-04 15:27:38,37.2,False,LOW,MOIST,OPEN
2026-03-04 15:27:43,33.04,True,HIGH,MOIST,OPEN
2026-03-04 15:27:48,33.72,True,MEDIUM,DRY,OPEN
2026-03-04 15:27:53,35.77,False,MEDIUM,MOIST,OPEN
2026-03-04 15:27:58,27.03,True,MEDIUM,MOIST,OPEN
2026-03-04 15:28:03,26.32,False,MEDIUM,DRY,OPEN
2026-03-04 15:28:08,29.95,True,HIGH,MOIST,OPEN
2026-03-04 15:28:13,38.65,False,LOW,DRY,OPEN
2026-03-04 15:28:18,38.06,False,MEDIUM,DRY,OPEN
2026-03-04 15:28:23,39.54,False,LOW,MOIST,OPEN
2026-03-04 15:28:28,28.37,True,LOW,MOIST,OPEN
2026-03-04 15:28:33,27.41,False,HIGH,MOIST,OPEN
2026-03-04 15:28:38,32.02,False,LOW,WET,OPEN
2026-03-04 15:28:43,26.24,False,MEDIUM,WET,OPEN
2026-03-04 15:28:48,29.83,False,MEDIUM,DRY,OPEN
2026-03-04 15:28:53,35.84,False,HIGH,WET,OPEN
2026-03-04 15:28:58,32.03,True,LOW,DRY,OPEN
2026-03-04 15:29:03,35.53,True,HIGH,WET,OPEN
2026-03-04 15:29:08,38.0,False,MEDIUM,DRY,OPEN
2026-03-04 15:29:13,28.97,True,MEDIUM,DRY,OPEN
2026-03-04 15:29:18,39.98,True,HIGH,MOIST,OPEN
2026-03-04 15:29:23,37.37,False,MEDIUM,DRY,OPEN
2026-03-04 15:29:28,36.36,False,MEDIUM,DRY,OPEN
2026-03-04 15:29:33,35.04,False,MEDIUM,WET,OPEN
2026-03-04 15:29:38,28.41,False,LOW,MOIST,OPEN
2026-03-04 15:29:43,33.91,False,MEDIUM,DRY,OPEN
2026-03-04 15:29:48,38.66,False,MEDIUM,DRY,OPEN
2026-03-04 15:29:53,25.04,True,MEDIUM,WET,OPEN
2026-03-04 15:29:58,27.71,False,LOW,MOIST,OPEN
2026-03-04 15:30:03,26.35,True,HIGH,WET,OPEN
2026-03-04 15:30:08,39.46,True,MEDIUM,MOIST,OPEN
2026-03-04 15:30:13,37.62,False,LOW,DRY,OPEN
2026-03-04 15:30:18,27.37,True,MEDIUM,MOIST,OPEN
2026-03-04 15:30:24,38.06,True,HIGH,DRY,OPEN
2026-03-04 15:30:29,35.05,True,LOW,DRY,OPEN
2026-03-04 15:30:34,29.2,False,MEDIUM,WET,OPEN
2026-03-04 15:30:39,26.67,True,MEDIUM,DRY,OPEN
2026-03-04 15:30:44,38.36,False,MEDIUM,MOIST,OPEN
2026-03-04 15:30:49,28.5,False,LOW,DRY,OPEN
2026-03-04 15:30:54,36.2,False,HIGH,DRY,OPEN
2026-03-04 15:30:59,33.58,True,HIGH,DRY,OPEN
2026-03-04 15:31:04,25.88,False,MEDIUM,WET,OPEN
2026-03-04 15:31:09,38.63,False,HIGH,WET,OPEN
2026-03-04 15:31:14,34.29,False,HIGH,DRY,OPEN
2026-03-04 15:31:19,28.54,False,HIGH,MOIST,OPEN
2026-03-04 15:31:24,37.77,True,HIGH,DRY,OPEN
2026-03-04 15:31:29,38.03,True,HIGH,WET,OPEN
2026-03-04 15:31:34,29.69,False,MEDIUM,MOIST,OPEN
2026-03-04 15:31:39,29.12,False,HIGH,WET,OPEN
2026-03-04 15:31:44,39.46,False,LOW,WET,OPEN
2026-03-04 15:31:49,39.89,False,MEDIUM,WET,OPEN
2026-03-04 15:31:54,39.99,True,MEDIUM,DRY,OPEN
2026-03-04 15:31:59,27.18,True,LOW,MOIST,OPEN
2026-03-04 15:32:04,30.89,False,LOW,DRY,OPEN
2026-03-04 15:32:09,35.42,False,MEDIUM,WET,OPEN
2026-03-04 15:32:14,38.99,False,MEDIUM,DRY,OPEN
2026-03-04 15:32:19,37.05,True,MEDIUM,DRY,OPEN
2026-03-04 15:32:24,34.56,True,LOW,MOIST,OPEN
2026-03-04 15:32:29,34.61,False,LOW,MOIST,OPEN
2026-03-04 15:32:34,30.38,True,LOW,WET,OPEN
2026-03-04 15:32:39,33.29,False,HIGH,DRY,OPEN
2026-03-04 15:32:44,25.45,True,HIGH,MOIST,OPEN
2026-03-04 15:32:49,39.05,True,LOW,WET,OPEN
2026-03-04 15:32:54,38.78,False,HIGH,DRY,OPEN
2026-03-04 15:32:59,25.09,False,LOW,DRY,OPEN
2026-03-04 15:33:04,25.3,False,HIGH,WET,OPEN
2026-03-04 15:33:09,29.17,True,MEDIUM,DRY,OPEN
2026-03-04 15:33:14,34.22,True,LOW,WET,OPEN
2026-03-04 15:33:19,28.63,True,LOW,WET,OPEN
2026-03-04 15:33:24,26.06,False,HIGH,MOIST,OPEN
2026-03-04 15:33:29,30.14,False,MEDIUM,WET,OPEN
2026-03-04 15:33:34,32.24,True,HIGH,DRY,OPEN
2026-03-04 15:33:39,35.68,True,LOW,WET,OPEN
2026-03-04 15:33:44,25.82,True,LOW,MOIST,OPEN
2026-03-04 15:33:49,31.66,True,LOW,WET,OPEN
2026-03-04 15:33:54,39.03,True,LOW,DRY,OPEN
2026-03-04 15:33:59,31.29,False,HIGH,MOIST,OPEN
2026-03-04 15:34:04,27.53,False,MEDIUM,WET,OPEN
2026-03-04 15:34:09,25.03,True,MEDIUM,WET,OPEN
2026-03-04 15:34:14,28.44,True,HIGH,DRY,OPEN
2026-03-04 15:34:19,38.03,False,LOW,MOIST,OPEN
2026-03-04 15:34:24,37.71,False,MEDIUM,MOIST,OPEN
2026-03-04 15:34:29,30.09,False,HIGH,WET,OPEN
2026-03-04 15:34:34,25.86,False,MEDIUM,WET,OPEN
2026-03-04 15:34:39,30.85,True,LOW,DRY,OPEN
2026-03-04 15:34:44,37.89,True,HIGH,MOIST,OPEN
2026-03-04 15:34:49,30.58,True,LOW,WET,OPEN
2026-03-04 15:34:54,35.28,False,HIGH,DRY,OPEN
2026-03-04 15:34:59,39.73,False,HIGH,DRY,OPEN
2026-03-04 15:35:04,28.22,True,HIGH,MOIST,OPEN
2026-03-04 15:35:09,29.68,False,MEDIUM,MOIST,OPEN
2026-03-04 15:35:14,35.01,False,LOW,WET,OPEN
2026-03-04 15:35:19,36.2,False,LOW,MOIST,OPEN
2026-03-04 15:35:24,29.19,True,LOW,DRY,OPEN
2026-03-04 15:35:29,28.73,False,HIGH,MOIST,OPEN
2026-03-04 15:35:34,30.99,True,HIGH,WET,OPEN
2026-03-04 15:35:39,31.68,False,HIGH,DRY,OPEN
2026-03-04 15:35:44,37.87,True,HIGH,WET,OPEN
2026-03-04 15:35:49,38.35,True,HIGH,MOIST,OPEN
2026-03-04 15:35:54,33.82,True,HIGH,MOIST,OPEN
2026-03-04 15:35:59,33.1,True,HIGH,MOIST,OPEN
2026-03-04 15:36:04,39.06,True,HIGH,MOIST,OPEN
2026-03-04 15:36:09,26.33,False,MEDIUM,DRY,OPEN
2026-03-04 15:36:14,36.72,True,MEDIUM,DRY,OPEN
2026-03-04 15:36:19,36.14,False,LOW,DRY,OPEN
2026-03-04 15:36:24,32.41,True,HIGH,DRY,OPEN
2026-03-04 15:36:29,35.79,False,HIGH,WET,OPEN
2026-03-04 15:36:35,38.35,False,MEDIUM,DRY,OPEN
2026-03-04 15:36:40,26.68,False,LOW,WET,OPEN
2026-03-04 15:36:45,29.68,False,MEDIUM,DRY,OPEN
2026-03-04 15:36:50,36.48,True,LOW,MOIST,OPEN
2026-03-04 15:36:55,33.46,False,HIGH,MOIST,OPEN
2026-03-04 15:37:00,26.66,False,LOW,WET,OPEN
2026-03-04 15:37:05,36.02,False,HIGH,WET,OPEN
2026-03-04 15:37:10,36.47,True,LOW,DRY,OPEN
2026-03-04 15:37:15,32.02,True,MEDIUM,WET,OPEN
2026-03-04 15:37:20,31.58,False,HIGH,DRY,OPEN
2026-03-04 15:37:25,35.49,True,LOW,DRY,OPEN
2026-03-04 15:37:30,34.91,False,MEDIUM,MOIST,OPEN
2026-03-04 15:37:35,29.22,False,LOW,DRY,OPEN
2026-03-04 15:37:40,30.21,False,MEDIUM,MOIST,OPEN
2026-03-04 15:37:45,39.7,False,HIGH,WET,OPEN
2026-03-04 15:37:50,36.44,False,MEDIUM,MOIST,OPEN
2026-03-04 15:37:55,25.31,False,HIGH,WET,OPEN
2026-03-04 15:38:00,29.47,False,LOW,WET,OPEN
2026-03-04 15:38:05,39.31,True,HIGH,WET,OPEN
2026-03-04 15:38:10,28.05,False,MEDIUM,MOIST,OPEN
2026-03-04 15:38:15,30.5,False,HIGH,MOIST,OPEN
2026-03-04 15:38:20,35.02,False,LOW,WET,OPEN
2026-03-04 15:38:25,39.72,True,LOW,DRY,OPEN
2026-03-04 15:38:30,29.74,True,HIGH,MOIST,OPEN
2026-03-04 15:38:35,27.15,True,MEDIUM,MOIST,OPEN
2026-03-04 15:38:40,30.1,False,MEDIUM,WET,OPEN
2026-03-04 15:38:45,28.61,True,MEDIUM,DRY,OPEN
2026-03-04 15:38:50,26.02,True,LOW,DRY,OPEN
2026-03-04 15:38:55,34.51,False,LOW,WET,OPEN
2026-03-04 15:39:00,37.34,True,LOW,WET,OPEN
2026-03-04 15:39:05,31.8,True,MEDIUM,DRY,OPEN
2026-03-04 15:39:10,25.87,True,HIGH,DRY,OPEN
2026-03-04 15:39:15,27.41,False,MEDIUM,WET,OPEN
2026-03-04 15:39:20,25.21,False,MEDIUM,DRY,OPEN
2026-03-04 15:39:25,36.2,True,HIGH,DRY,OPEN
2026-03-04 15:39:30,39.01,True,MEDIUM,WET,OPEN
2026-03-04 15:39:35,27.05,True,MEDIUM,DRY,OPEN
2026-03-04 15:39:40,39.29,True,HIGH,WET,OPEN
2026-03-04 15:39:45,30.92,True,LOW,MOIST,OPEN
2026-03-04 15:39:50,39.92,True,LOW,WET,OPEN
2026-03-04 15:39:55,29.62,True,LOW,WET,OPEN
2026-03-04 15:40:00,29.65,True,HIGH,MOIST,OPEN
2026-03-04 15:40:05,38.3,True,MEDIUM,MOIST,OPEN
2026-03-04 15:40:10,31.1,False,MEDIUM,MOIST,OPEN
2026-03-04 15:40:15,26.21,True,HIGH,MOIST,OPEN
2026-03-04 15:40:20,29.3,True,HIGH,WET,OPEN
2026-03-04 15:40:25,25.51,True,LOW,WET,OPEN
2026-03-04 15:40:30,34.74,False,HIGH,MOIST,OPEN
2026-03-04 15:40:35,31.79,True,HIGH,WET,OPEN
2026-03-04 15:40:40,27.76,False,HIGH,DRY,OPEN
2026-03-04 15:40:45,36.05,True,LOW,DRY,OPEN
2026-03-04 15:40:50,30.07,True,LOW,DRY,OPEN
2026-03-04 15:40:55,36.94,False,LOW,DRY,OPEN
2026-03-04 15:41:00,32.15,False,LOW,DRY,OPEN
2026-03-04 15:41:05,28.86,True,HIGH,DRY,OPEN
2026-03-04 15:41:10,38.76,True,LOW,DRY,OPEN
2026-03-04 15:41:15,30.98,True,HIGH,MOIST,OPEN
2026-03-04 15:41:20,27.19,True,LOW,MOIST,OPEN
2026-03-04 15:41:25,27.7,False,LOW,WET,OPEN
2026-03-04 15:41:30,27.77,False,LOW,WET,OPEN
2026-03-04 15:41:35,29.61,True,HIGH,MOIST,OPEN
2026-03-04 15:41:40,34.4,True,LOW,DRY,OPEN
2026-03-04 15:41:45,27.88,False,MEDIUM,MOIST,OPEN
2026-03-04 15:41:50,29.38,True,LOW,WET,OPEN
2026-03-04 15:41:55,36.59,False,LOW,DRY,OPEN
2026-03-04 15:42:00,28.12,False,LOW,MOIST,OPEN
2026-03-04 15:42:05,26.51,False,HIGH,WET,OPEN
2026-03-04 15:42:10,25.29,False,LOW,DRY,OPEN
2026-03-04 15:42:15,32.31,True,HIGH,DRY,OPEN
2026-03-04 15:42:20,29.83,False,HIGH,MOIST,OPEN
2026-03-04 15:42:25,25.8,True,MEDIUM,DRY,OPEN
2026-03-04 15:42:30,31.09,False,MEDIUM,DRY,OPEN
2026-03-04 15:42:35,34.89,False,HIGH,MOIST,OPEN
2026-03-04 15:42:40,27.52,True,LOW,MOIST,OPEN
2026-03-04 15:42:45,30.36,True,MEDIUM,MOIST,OPEN
2026-03-04 15:42:50,25.73,False,MEDIUM,MOIST,OPEN
2026-03-04 15:42:55,31.8,True,LOW,WET,OPEN
2026-03-04 15:43:00,25.6,False,LOW,WET,OPEN
2026-03-04 15:43:05,31.7,True,MEDIUM,MOIST,OPEN
2026-03-04 15:43:10,31.64,False,MEDIUM,MOIST,OPEN
2026-03-04 15:43:15,35.52,False,LOW,DRY,OPEN
2026-03-04 15:43:20,28.95,True,HIGH,WET,OPEN
2026-03-04 15:43:25,39.72,True,HIGH,WET,OPEN
2026-03-04 15:43:30,26.44,False,HIGH,WET,OPEN
2026-03-04 15:43:35,33.11,True,LOW,MOIST,OPEN
2026-03-04 15:43:41,37.17,False,MEDIUM,DRY,OPEN
2026-03-04 15:43:46,25.49,False,MEDIUM,MOIST,OPEN
2026-03-04 15:43:51,34.75,True,HIGH,MOIST,OPEN
2026-03-04 15:43:56,26.06,False,HIGH,WET,OPEN
2026-03-04 15:44:01,34.46,False,MEDIUM,WET,OPEN
2026-03-04 15:44:06,33.63,True,HIGH,MOIST,OPEN
2026-03-04 15:44:11,26.45,True,HIGH,MOIST,OPEN
2026-03-04 15:44:16,30.57,True,LOW,MOIST,OPEN
2026-03-04 15:44:21,39.45,True,HIGH,DRY,OPEN
2026-03-04 15:44:26,37.33,True,HIGH,WET,OPEN
2026-03-04 15:44:31,35.17,False,HIGH,WET,OPEN
2026-03-04 15:44:36,26.98,True,MEDIUM,WET,OPEN
2026-03-04 15:44:41,32.31,True,MEDIUM,WET,OPEN
2026-03-04 15:44:46,30.07,True,LOW,WET,OPEN
2026-03-04 15:44:51,39.82,True,HIGH,WET,OPEN
2026-03-04 15:44:56,25.16,True,HIGH,WET,OPEN
2026-03-04 15:45:01,35.77,False,HIGH,WET,OPEN
2026-03-04 15:45:06,33.12,False,MEDIUM,MOIST,OPEN
2026-03-04 15:45:11,39.12,True,MEDIUM,DRY,OPEN
2026-03-04 15:45:16,26.51,False,HIGH,DRY,OPEN
2026-03-04 15:45:21,33.2,False,HIGH,DRY,OPEN
2026-03-04 15:45:26,39.98,True,LOW,DRY,OPEN
2026-03-04 15:45:31,37.95,False,LOW,MOIST,OPEN
2026-03-04 15:45:36,35.34,True,HIGH,MOIST,OPEN
2026-03-04 15:45:41,30.91,True,LOW,WET,OPEN
2026-03-04 15:45:46,28.78,True,HIGH,MOIST,OPEN
2026-03-04 15:45:51,34.95,False,MEDIUM,WET,OPEN
2026-03-04 15:45:56,38.25,False,LOW,DRY,OPEN
2026-03-04 15:46:01,27.21,True,MEDIUM,MOIST,OPEN
2026-03-04 15:46:06,31.55,True,MEDIUM,DRY,OPEN
2026-03-04 15:46:11,31.24,False,MEDIUM,MOIST,OPEN
2026-03-04 15:46:16,38.22,False,LOW,DRY,OPEN
2026-03-04 15:46:21,32.57,True,MEDIUM,MOIST,OPEN
2026-03-04 15:46:26,35.44,False,HIGH,WET,OPEN
2026-03-04 15:46:31,26.66,False,LOW,WET,OPEN
2026-03-04 15:46:36,32.9,True,LOW,MOIST,OPEN
2026-03-04 15:46:41,31.45,True,MEDIUM,DRY,OPEN
2026-03-04 15:46:46,25.67,True,LOW,MOIST,OPEN
2026-03-04 15:46:51,35.12,True,MEDIUM,DRY,OPEN
2026-03-04 15:46:56,37.06,False,MEDIUM,WET,OPEN
2026-03-04 15:47:01,34.79,True,LOW,WET,OPEN
2026-03-04 15:47:06,36.77,False,HIGH,MOIST,OPEN
2026-03-04 15:47:11,34.55,False,MEDIUM,MOIST,OPEN
2026-03-04 15:47:16,28.31,False,MEDIUM,MOIST,OPEN
2026-03-04 15:47:21,34.05,True,MEDIUM,MOIST,OPEN
2026-03-04 15:47:26,36.93,True,LOW,DRY,OPEN
2026-03-04 15:47:31,27.47,False,HIGH,DRY,OPEN
2026-03-04 15:47:36,25.85,True,MEDIUM,DRY,OPEN
2026-03-04 15:47:41,29.84,True,LOW,DRY,OPEN
2026-03-04 15:47:46,33.73,False,LOW,MOIST,OPEN
2026-03-04 15:47:51,29.18,True,HIGH,WET,OPEN
2026-03-04 15:47:56,27.8,True,MEDIUM,DRY,OPEN
2026-03-04 15:48:01,35.69,False,LOW,DRY,OPEN
2026-03-04 15:48:06,35.33,False,LOW,WET,OPEN
2026-03-04 15:48:11,29.71,True,HIGH,WET,OPEN
2026-03-04 15:48:16,39.15,True,HIGH,MOIST,OPEN
2026-03-04 15:48:21,32.94,False,LOW,MOIST,OPEN
2026-03-04 15:48:26,30.35,True,HIGH,DRY,OPEN
2026-03-04 15:48:31,26.89,True,HIGH,DRY,OPEN
2026-03-04 15:48:36,35.5,False,HIGH,MOIST,OPEN
2026-03-04 15:48:41,27.06,True,MEDIUM,DRY,OPEN
2026-03-04 15:48:46,32.28,False,LOW,WET,OPEN
2026-03-04 15:48:51,38.65,False,LOW,DRY,OPEN
2026-03-04 15:48:56,32.68,True,MEDIUM,MOIST,OPEN
2026-03-04 15:49:01,31.54,True,HIGH,WET,OPEN
2026-03-04 15:49:06,39.06,False,LOW,MOIST,OPEN
2026-03-04 15:49:11,31.43,True,HIGH,DRY,OPEN
2026-03-04 15:49:16,27.04,False,HIGH,WET,OPEN
2026-03-04 15:49:21,38.12,False,HIGH,MOIST,OPEN
2026-03-04 15:49:26,36.31,False,LOW,DRY,OPEN
2026-03-04 15:49:31,38.32,True,MEDIUM,MOIST,OPEN
2026-03-04 15:49:36,35.22,True,MEDIUM,MOIST,OPEN
2026-03-04 15:49:41,27.23,False,MEDIUM,MOIST,OPEN
2026-03-04 15:49:46,38.67,False,LOW,DRY,OPEN
2026-03-04 15:49:51,36.67,True,HIGH,WET,OPEN
2026-03-04 15:49:56,35.3,True,MEDIUM,DRY,OPEN
2026-03-04 15:50:01,29.61,False,MEDIUM,DRY,OPEN
2026-03-04 15:50:07,32.32,True,HIGH,WET,OPEN
2026-03-04 15:50:12,35.12,False,HIGH,MOIST,OPEN
2026-03-04 15:50:17,34.41,False,HIGH,WET,OPEN
2026-03-04 15:50:22,30.77,False,MEDIUM,DRY,OPEN
2026-03-04 15:50:27,29.45,False,HIGH,DRY,OPEN
2026-03-04 15:50:32,33.88,False,LOW,DRY,OPEN
2026-03-04 15:50:37,30.06,False,HIGH,WET,OPEN
2026-03-04 15:50:42,36.5,False,HIGH,MOIST,OPEN
2026-03-04 15:50:47,25.48,False,MEDIUM,WET,OPEN
2026-03-04 15:50:52,29.97,False,MEDIUM,WET,OPEN
2026-03-04 15:50:57,29.13,False,HIGH,MOIST,OPEN
2026-03-04 15:51:02,34.98,False,MEDIUM,DRY,OPEN
2026-03-04 15:51:07,36.84,False,MEDIUM,MOIST,OPEN
2026-03-04 15:51:12,39.69,False,HIGH,DRY,OPEN
2026-03-04 15:51:17,36.41,False,LOW,MOIST,OPEN
2026-03-04 15:51:22,28.51,False,MEDIUM,MOIST,OPEN
2026-03-04 15:51:27,38.71,True,LOW,WET,OPEN
2026-03-04 15:51:32,26.85,True,LOW,DRY,OPEN
2026-03-04 15:51:37,37.71,False,LOW,MOIST,OPEN
2026-03-04 15:51:42,35.68,False,MEDIUM,WET,OPEN
2026-03-04 15:51:47,30.4,False,MEDIUM,DRY,OPEN
2026-03-04 15:51:52,35.2,True,LOW,MOIST,OPEN
2026-03-04 15:51:57,36.05,True,MEDIUM,MOIST,OPEN
2026-03-04 15:52:02,30.71,False,HIGH,WET,OPEN
2026-03-04 15:52:07,33.85,False,LOW,DRY,OPEN
2026-03-04 15:52:12,35.75,False,LOW,WET,OPEN
2026-03-04 15:52:17,33.89,False,MEDIUM,WET,OPEN
2026-03-04 15:52:22,38.64,False,LOW,DRY,OPEN
2026-03-04 15:52:27,25.15,True,LOW,DRY,OPEN
2026-03-04 15:52:32,26.41,False,HIGH,WET,OPEN
2026-03-04 15:52:37,31.18,False,HIGH,DRY,OPEN
2026-03-04 15:52:42,26.79,False,MEDIUM,WET,OPEN
2026-03-04 15:52:47,35.61,True,HIGH,WET,OPEN
2026-03-04 15:52:52,37.2,True,MEDIUM,DRY,OPEN
2026-03-04 15:52:57,33.03,False,HIGH,DRY,OPEN
2026-03-04 15:53:02,33.45,True,LOW,DRY,OPEN
2026-03-04 15:53:07,28.9,False,HIGH,DRY,OPEN
2026-03-04 15:53:12,28.29,True,MEDIUM,MOIST,OPEN
2026-03-04 15:53:17,29.98,True,HIGH,WET,OPEN
2026-03-04 15:53:22,29.97,False,MEDIUM,DRY,OPEN
2026-03-04 15:53:27,39.11,True,LOW,DRY,OPEN
2026-03-04 15:53:32,26.05,True,MEDIUM,MOIST,OPEN
2026-03-04 15:53:37,37.38,False,MEDIUM,WET,OPEN
2026-03-04 15:53:42,34.28,False,LOW,WET,OPEN
2026-03-04 15:53:47,28.68,False,HIGH,WET,OPEN
2026-03-04 15:53:52,26.35,False,LOW,WET,OPEN
2026-03-04 15:53:57,35.38,True,LOW,DRY,OPEN
2026-03-04 15:54:02,35.16,True,LOW,MOIST,OPEN
2026-03-04 15:54:07,25.14,True,HIGH,MOIST,OPEN
2026-03-04 15:54:12,28.55,False,MEDIUM,MOIST,OPEN
2026-03-04 15:54:17,38.5,True,MEDIUM,WET,OPEN
2026-03-04 15:54:22,25.17,False,LOW,WET,OPEN
2026-03-04 15:54:27,25.78,True,LOW,DRY,OPEN
2026-03-04 15:54:32,33.65,False,LOW,DRY,OPEN
2026-03-04 15:54:37,34.39,False,LOW,DRY,OPEN
2026-03-04 15:54:42,31.03,False,MEDIUM,MOIST,OPEN
2026-03-04 15:54:47,33.84,True,MEDIUM,WET,OPEN
2026-03-04 15:54:52,35.2,True,LOW,WET,OPEN
2026-03-04 15:54:57,36.91,False,HIGH,MOIST,OPEN
2026-03-04 15:55:02,31.76,False,HIGH,MOIST,OPEN
2026-03-04 15:55:07,37.98,False,MEDIUM,MOIST,OPEN
2026-03-04 15:55:12,27.09,False,HIGH,WET,OPEN
2026-03-04 15:55:17,35.78,True,MEDIUM,DRY,OPEN
2026-03-04 15:55:22,37.21,False,MEDIUM,DRY,OPEN
2026-03-04 15:55:27,37.19,True,MEDIUM,MOIST,OPEN
2026-03-04 15:55:32,31.58,False,LOW,DRY,OPEN
2026-03-04 15:55:37,38.16,False,HIGH,WET,OPEN
2026-03-04 15:55:42,28.59,True,LOW,WET,OPEN
2026-03-04 15:55:47,36.27,False,HIGH,WET,OPEN
2026-03-04 15:55:52,33.15,False,MEDIUM,WET,OPEN
2026-03-04 15:55:57,26.16,False,LOW,DRY,OPEN
2026-03-04 15:56:02,38.94,True,HIGH,WET,OPEN
2026-03-04 15:56:07,33.28,True,MEDIUM,WET,OPEN
2026-03-04 15:56:12,28.62,True,LOW,MOIST,OPEN
2026-03-04 15:56:17,25.7,True,MEDIUM,DRY,OPEN
2026-03-04 15:56:22,32.5,True,HIGH,MOIST,OPEN
2026-03-04 15:56:27,27.26,False,LOW,DRY,OPEN
2026-03-04 15:56:32,28.68,True,MEDIUM,DRY,OPEN
2026-03-04 15:56:37,26.17,False,LOW,WET,OPEN
2026-03-04 15:56:43,32.28,True,HIGH,DRY,OPEN
2026-03-04 15:56:48,28.59,False,MEDIUM,DRY,OPEN
2026-03-04 15:56:53,34.09,True,MEDIUM,MOIST,OPEN
2026-03-04 15:56:58,36.11,True,MEDIUM,MOIST,OPEN
2026-03-04 15:57:03,25.65,True,LOW,DRY,OPEN
2026-03-04 15:57:08,30.75,True,LOW,MOIST,OPEN
2026-03-04 15:57:13,26.37,True,MEDIUM,MOIST,OPEN
2026-03-04 15:57:18,32.47,True,MEDIUM,DRY,OPEN
2026-03-04 15:57:23,37.53,False,LOW,WET,OPEN
2026-03-04 15:57:28,38.91,False,HIGH,WET,OPEN
2026-03-04 15:57:33,34.91,False,MEDIUM,DRY,OPEN
2026-03-04 15:57:38,35.19,True,MEDIUM,WET,OPEN
2026-03-04 15:57:43,34.2,True,HIGH,WET,OPEN
2026-03-04 15:57:48,29.21,True,MEDIUM,WET,OPEN
2026-03-04 15:57:53,34.82,False,LOW,MOIST,OPEN
2026-03-04 15:57:58,32.46,True,HIGH,MOIST,OPEN
2026-03-04 15:58:03,29.12,False,MEDIUM,WET,OPEN
2026-03-04 15:58:08,39.52,True,HIGH,WET,OPEN
2026-03-04 15:58:13,32.17,True,LOW,MOIST,OPEN
2026-03-04 15:58:18,32.48,True,LOW,WET,OPEN
2026-03-04 15:58:23,33.61,True,LOW,MOIST,OPEN
2026-03-04 15:58:28,36.14,False,HIGH,DRY,OPEN
2026-03-04 15:58:33,33.05,False,LOW,DRY,OPEN
2026-03-04 15:58:38,32.02,True,LOW,MOIST,OPEN
2026-03-04 15:58:43,34.05,True,LOW,DRY,OPEN
2026-03-04 15:58:48,38.11,True,HIGH,DRY,OPEN
2026-03-04 15:58:53,39.22,True,MEDIUM,DRY,OPEN
2026-03-04 15:58:58,38.01,False,MEDIUM,DRY,OPEN
2026-03-04 15:59:03,30.55,True,LOW,DRY,OPEN
2026-03-04 15:59:08,25.72,False,MEDIUM,DRY,OPEN
2026-03-04 15:59:13,25.29,False,LOW,WET,OPEN
2026-03-04 15:59:18,33.81,False,HIGH,WET,OPEN
2026-03-04 15:59:23,27.98,True,LOW,WET,OPEN
2026-03-04 15:59:28,29.73,False,HIGH,MOIST,OPEN
2026-03-04 15:59:33,25.85,True,MEDIUM,MOIST,OPEN
2026-03-04 15:59:38,28.27,False,HIGH,MOIST,OPEN
2026-03-04 15:59:43,39.25,False,MEDIUM,WET,OPEN
2026-03-04 15:59:48,25.82,True,HIGH,DRY,OPEN
2026-03-04 15:59:53,34.17,True,MEDIUM,MOIST,OPEN
2026-03-04 15:59:58,35.77,False,HIGH,WET,OPEN
2026-03-04 16:00:03,38.59,False,LOW,WET,OPEN
2026-03-04 16:00:08,34.79,False,MEDIUM,WET,OPEN
2026-03-04 16:00:13,30.13,True,HIGH,WET,OPEN
2026-03-04 16:00:18,26.56,False,MEDIUM,MOIST,OPEN
2026-03-04 16:00:23,38.87,True,LOW,MOIST,OPEN
2026-03-04 16:00:28,32.87,True,MEDIUM,DRY,OPEN
2026-03-04 16:00:33,37.06,False,LOW,DRY,OPEN
2026-03-04 16:00:38,31.77,False,MEDIUM,MOIST,OPEN
2026-03-04 16:00:43,28.38,True,LOW,WET,OPEN
2026-03-04 16:00:48,36.68,False,LOW,DRY,OPEN
2026-03-04 16:00:53,30.83,False,MEDIUM,DRY,OPEN
2026-03-04 16:00:58,33.72,True,LOW,DRY,OPEN
2026-03-04 16:01:03,27.47,False,LOW,MOIST,OPEN
2026-03-04 16:01:08,36.95,False,HIGH,WET,OPEN
2026-03-04 16:01:13,34.68,False,MEDIUM,WET,OPEN
2026-03-04 16:01:18,36.48,False,LOW,WET,OPEN
2026-03-04 16:01:23,35.16,True,LOW,WET,OPEN
2026-03-04 16:01:28,38.65,False,MEDIUM,DRY,OPEN
2026-03-04 16:01:33,37.49,False,MEDIUM,WET,OPEN
2026-03-04 16:01:38,29.93,False,MEDIUM,WET,OPEN
2026-03-04 16:01:43,28.87,False,HIGH,DRY,OPEN
2026-03-04 16:01:48,31.86,True,LOW,WET,OPEN
2026-03-04 16:01:53,34.95,False,LOW,MOIST,OPEN
2026-03-04 16:01:58,27.14,True,LOW,WET,OPEN
2026-03-04 16:02:03,38.63,True,LOW,DRY,OPEN
2026-03-04 16:02:08,26.77,False,MEDIUM,WET,OPEN
2026-03-04 16:02:13,27.38,False,LOW,MOIST,OPEN
2026-03-04 16:02:18,33.56,True,HIGH,WET,OPEN
2026-03-04 16:02:23,36.86,True,HIGH,MOIST,OPEN
2026-03-04 16:02:28,33.5,True,HIGH,DRY,OPEN
2026-03-04 16:02:33,34.99,True,HIGH,MOIST,OPEN
2026-03-04 16:02:38,28.88,False,HIGH,DRY,OPEN
2026-03-04 16:02:43,37.4,True,MEDIUM,WET,OPEN
2026-03-04 16:02:48,38.26,True,MEDIUM,DRY,OPEN
2026-03-04 16:02:53,32.32,False,LOW,DRY,OPEN
2026-03-04 16:02:59,38.63,False,LOW,DRY,OPEN
2026-03-04 16:03:04,32.66,True,HIGH,MOIST,OPEN
2026-03-04 16:03:09,29.35,True,LOW,WET,OPEN
2026-03-04 16:03:14,34.57,True,MEDIUM,DRY,OPEN
2026-03-04 16:03:19,29.06,True,HIGH,DRY,OPEN
2026-03-04 16:03:24,36.67,True,HIGH,MOIST,OPEN
2026-03-04 16:03:29,34.22,False,HIGH,MOIST,OPEN
2026-03-04 16:03:34,31.38,False,LOW,WET,OPEN
2026-03-04 16:03:39,28.88,False,HIGH,WET,OPEN
2026-03-04 16:03:44,36.19,False,HIGH,DRY,OPEN
2026-03-04 16:03:49,30.25,True,MEDIUM,WET,OPEN
2026-03-04 16:03:54,34.78,True,LOW,WET,OPEN
2026-03-04 16:03:59,27.58,True,LOW,WET,OPEN
2026-03-04 16:04:04,26.87,True,LOW,WET,OPEN
2026-03-04 16:04:09,37.41,False,MEDIUM,DRY,OPEN
2026-03-04 16:04:14,28.97,False,HIGH,DRY,OPEN
2026-03-04 16:04:19,25.59,True,MEDIUM,MOIST,OPEN
2026-03-04 16:04:24,31.28,False,MEDIUM,MOIST,OPEN
2026-03-04 16:04:29,30.89,False,MEDIUM,MOIST,OPEN
2026-03-04 16:04:34,30.84,True,LOW,WET,OPEN
2026-03-04 16:04:39,28.87,True,HIGH,DRY,OPEN
2026-03-04 16:04:44,29.96,True,MEDIUM,WET,OPEN
2026-03-04 16:04:49,34.02,False,HIGH,WET,OPEN
2026-03-04 16:04:54,31.64,True,MEDIUM,MOIST,OPEN
2026-03-04 16:04:59,35.58,False,LOW,DRY,OPEN
2026-03-04 16:05:04,33.34,True,MEDIUM,DRY,OPEN
2026-03-04 16:05:09,30.72,False,LOW,WET,OPEN
2026-03-04 16:05:14,36.84,False,MEDIUM,DRY,OPEN
2026-03-04 16:05:19,29.35,False,MEDIUM,WET,OPEN
2026-03-04 16:05:24,28.26,True,HIGH,WET,OPEN
2026-03-04 16:05:29,30.17,True,MEDIUM,DRY,OPEN
2026-03-04 16:05:34,39.99,False,MEDIUM,MOIST,OPEN
2026-03-04 16:05:39,30.43,False,LOW,DRY,OPEN
2026-03-04 16:05:44,26.97,False,MEDIUM,MOIST,OPEN
2026-03-04 16:05:49,31.57,False,LOW,DRY,OPEN
2026-03-04 16:05:54,30.51,True,HIGH,MOIST,OPEN
2026-03-04 16:05:59,31.84,True,LOW,DRY,OPEN
2026-03-04 16:06:04,27.62,False,LOW,WET,OPEN
2026-03-04 16:06:09,34.39,False,MEDIUM,WET,OPEN
2026-03-04 16:06:14,34.54,False,HIGH,DRY,OPEN
2026-03-04 16:06:19,38.62,False,LOW,DRY,OPEN
2026-03-04 16:06:24,29.58,True,LOW,DRY,OPEN
2026-03-04 16:06:29,29.6,False,MEDIUM,MOIST,OPEN
2026-03-04 16:06:34,39.3,True,LOW,DRY,OPEN
2026-03-04 16:06:39,32.58,False,HIGH,MOIST,OPEN
2026-03-04 16:06:44,27.28,False,HIGH,DRY,OPEN
2026-03-04 16:06:49,31.07,False,HIGH,DRY,OPEN
2026-03-04 16:06:54,34.45,True,HIGH,DRY,OPEN
2026-03-04 16:06:59,31.84,False,HIGH,WET,OPEN
2026-03-04 16:07:04,30.58,True,MEDIUM,WET,OPEN
2026-03-04 16:07:09,28.92,False,HIGH,DRY,OPEN
2026-03-04 16:07:14,35.75,False,LOW,MOIST,OPEN
2026-03-04 16:07:19,38.71,True,LOW,WET,OPEN
2026-03-04 16:07:24,33.43,False,HIGH,WET,OPEN
2026-03-04 16:07:29,26.9,False,MEDIUM,MOIST,OPEN
2026-03-04 16:07:34,34.82,False,HIGH,DRY,OPEN
2026-03-04 16:07:39,29.59,False,HIGH,WET,OPEN
2026-03-04 16:07:44,32.33,True,MEDIUM,MOIST,OPEN
2026-03-04 16:07:49,26.35,False,HIGH,MOIST,OPEN
2026-03-04 16:07:54,34.95,True,HIGH,DRY,OPEN
2026-03-04 16:07:59,34.88,False,LOW,DRY,OPEN
2026-03-04 16:08:04,39.7,False,LOW,WET,OPEN
2026-03-04 16:08:09,34.12,False,LOW,WET,OPEN
2026-03-04 16:08:14,33.4,False,LOW,DRY,OPEN
2026-03-04 16:08:19,34.55,False,LOW,DRY,OPEN
2026-03-04 16:08:24,39.32,False,HIGH,WET,OPEN
2026-03-04 16:08:29,27.17,True,MEDIUM,WET,OPEN
2026-03-04 16:08:34,26.41,False,MEDIUM,DRY,OPEN
2026-03-04 16:08:39,36.02,False,HIGH,DRY,OPEN
2026-03-04 16:08:44,27.92,True,MEDIUM,DRY,OPEN
2026-03-04 16:08:49,28.9,False,LOW,WET,OPEN
2026-03-04 16:08:54,29.09,False,LOW,DRY,OPEN
2026-03-04 16:08:59,33.54,False,LOW,MOIST,OPEN
2026-03-04 16:09:04,29.54,True,LOW,DRY,OPEN
2026-03-04 16:09:09,38.17,True,HIGH,MOIST,OPEN
2026-03-04 16:09:14,38.92,True,MEDIUM,DRY,OPEN
2026-03-04 16:09:19,37.98,True,HIGH,DRY,OPEN
2026-03-04 16:09:24,39.65,False,HIGH,DRY,OPEN
2026-03-04 16:09:29,39.8,False,HIGH,DRY,OPEN
2026-03-04 16:09:34,39.39,True,LOW,MOIST,OPEN
2026-03-04 16:09:39,37.04,False,LOW,DRY,OPEN
2026-03-04 16:09:44,27.5,False,HIGH,DRY,OPEN
2026-03-04 16:09:49,28.41,True,LOW,MOIST,OPEN
2026-03-04 16:09:55,31.74,False,MEDIUM,MOIST,OPEN
2026-03-04 16:10:00,39.59,True,HIGH,WET,OPEN
2026-03-04 16:10:05,35.57,True,MEDIUM,DRY,OPEN
2026-03-04 16:10:10,32.72,True,LOW,MOIST,OPEN
2026-03-04 16:10:15,35.8,True,HIGH,MOIST,OPEN
2026-03-04 16:10:20,31.83,True,HIGH,WET,OPEN
2026-03-04 16:10:25,37.7,True,HIGH,MOIST,OPEN
2026-03-04 16:10:30,34.11,True,LOW,WET,OPEN
2026-03-04 16:10:35,28.96,True,HIGH,MOIST,OPEN
2026-03-04 16:10:40,26.94,False,HIGH,DRY,OPEN
2026-03-04 16:10:45,32.26,False,MEDIUM,MOIST,OPEN
2026-03-04 16:10:50,34.68,False,MEDIUM,WET,OPEN
2026-03-04 16:10:55,36.0,False,MEDIUM,DRY,OPEN
2026-03-04 16:11:00,35.41,False,HIGH,DRY,OPEN
2026-03-04 16:11:05,29.49,False,LOW,DRY,OPEN
2026-03-04 16:11:10,31.45,False,HIGH,DRY,OPEN
2026-03-04 16:11:15,26.36,False,HIGH,DRY,OPEN
2026-03-04 16:11:20,34.94,True,LOW,WET,OPEN
2026-03-04 16:11:25,27.81,False,MEDIUM,MOIST,OPEN
2026-03-04 16:11:30,25.05,True,HIGH,DRY,OPEN
2026-03-04 16:11:35,33.42,True,HIGH,WET,OPEN
2026-03-04 16:11:40,35.43,False,HIGH,DRY,OPEN
2026-03-04 16:11:45,31.1,True,HIGH,DRY,OPEN
2026-03-04 16:11:50,28.2,False,MEDIUM,MOIST,OPEN
2026-03-04 16:11:55,29.4,True,MEDIUM,WET,OPEN
2026-03-04 16:12:00,32.87,False,HIGH,WET,OPEN
2026-03-04 16:12:05,35.99,False,LOW,DRY,OPEN
2026-03-04 16:12:10,34.68,False,LOW,DRY,OPEN
2026-03-04 16:12:15,36.02,False,MEDIUM,DRY,OPEN
2026-03-04 16:12:20,32.05,True,HIGH,MOIST,OPEN
2026-03-04 16:12:25,37.84,False,HIGH,DRY,OPEN
2026-03-04 16:12:30,39.46,True,MEDIUM,WET,OPEN
2026-03-04 16:12:35,26.74,False,LOW,DRY,OPEN
2026-03-04 16:12:40,33.19,False,LOW,DRY,OPEN
2026-03-04 16:12:45,33.85,True,MEDIUM,MOIST,OPEN
2026-03-04 16:12:50,32.74,False,MEDIUM,MOIST,OPEN
2026-03-04 16:12:55,31.62,True,HIGH,DRY,OPEN
2026-03-04 16:13:00,34.57,False,LOW,MOIST,OPEN
2026-03-04 16:13:05,38.69,True,MEDIUM,WET,OPEN
2026-03-04 16:13:10,25.83,True,MEDIUM,MOIST,OPEN
2026-03-04 16:13:15,25.44,False,MEDIUM,WET,OPEN
2026-03-04 16:13:20,30.39,True,HIGH,WET,OPEN
2026-03-04 16:13:25,27.86,True,MEDIUM,WET,OPEN
2026-03-04 16:13:30,36.26,True,LOW,DRY,OPEN
2026-03-04 16:13:35,37.64,True,MEDIUM,WET,OPEN
2026-03-04 16:13:40,29.63,True,HIGH,MOIST,OPEN
2026-03-04 16:13:45,29.67,True,HIGH,WET,OPEN
2026-03-04 16:13:50,32.72,False,MEDIUM,WET,OPEN
2026-03-04 16:13:55,33.89,True,MEDIUM,WET,OPEN
2026-03-04 16:14:00,30.17,True,LOW,DRY,OPEN
2026-03-04 16:14:05,36.36,False,MEDIUM,WET,OPEN
2026-03-04 16:14:10,28.62,True,HIGH,MOIST,OPEN
2026-03-04 16:14:15,31.99,False,HIGH,MOIST,OPEN
2026-03-04 16:14:20,36.25,True,LOW,DRY,OPEN
2026-03-04 16:14:25,35.32,False,HIGH,WET,OPEN
2026-03-04 16:14:30,35.75,True,LOW,WET,OPEN
2026-03-04 16:14:35,33.12,True,HIGH,DRY,OPEN
2026-03-04 16:14:40,33.15,False,LOW,MOIST,OPEN
2026-03-04 16:14:45,31.04,True,HIGH,DRY,OPEN
2026-03-04 16:14:50,32.79,False,HIGH,WET,OPEN
2026-03-04 16:14:55,30.87,False,MEDIUM,MOIST,OPEN
2026-03-04 16:15:00,30.89,True,HIGH,MOIST,OPEN
2026-03-04 16:15:05,34.57,False,LOW,WET,OPEN
2026-03-04 16:15:10,38.08,False,LOW,WET,OPEN
2026-03-04 16:15:15,26.53,True,MEDIUM,WET,OPEN
2026-03-04 16:15:20,27.25,True,MEDIUM,MOIST,OPEN
2026-03-04 16:15:25,35.36,True,MEDIUM,DRY,OPEN
2026-03-04 16:15:30,32.05,True,MEDIUM,DRY,OPEN
2026-03-04 16:15:35,37.13,True,HIGH,WET,OPEN
2026-03-04 16:15:40,34.62,True,MEDIUM,WET,OPEN
2026-03-04 16:15:45,34.28,False,MEDIUM,DRY,OPEN
2026-03-04 16:15:50,31.96,False,HIGH,WET,OPEN
2026-03-04 16:15:55,39.58,False,HIGH,MOIST,OPEN
2026-03-04 16:16:00,37.52,True,LOW,MOIST,OPEN
2026-03-04 16:16:05,26.25,False,HIGH,WET,OPEN
2026-03-04 16:16:11,26.54,False,MEDIUM,MOIST,OPEN
2026-03-04 16:16:16,39.29,False,MEDIUM,MOIST,OPEN
2026-03-04 16:16:21,34.13,False,MEDIUM,MOIST,OPEN
2026-03-04 16:16:26,38.13,False,MEDIUM,WET,OPEN
2026-03-04 16:16:31,32.39,True,MEDIUM,DRY,OPEN
2026-03-04 16:16:36,27.82,True,MEDIUM,DRY,OPEN
2026-03-04 16:16:41,27.84,False,HIGH,MOIST,OPEN
2026-03-04 16:16:46,35.8,True,HIGH,MOIST,OPEN
2026-03-04 16:16:51,37.08,False,HIGH,MOIST,OPEN
2026-03-04 16:16:56,35.16,False,MEDIUM,DRY,OPEN
2026-03-04 16:17:01,36.22,True,LOW,WET,OPEN
2026-03-04 16:17:06,32.75,False,HIGH,WET,OPEN
2026-03-04 16:17:11,26.32,False,LOW,MOIST,OPEN
2026-03-04 16:17:16,32.91,False,LOW,WET,OPEN
2026-03-04 16:17:21,28.99,True,HIGH,MOIST,OPEN
2026-03-04 16:17:26,29.92,False,MEDIUM,WET,OPEN
2026-03-04 16:17:31,27.82,False,LOW,MOIST,OPEN
2026-03-04 16:17:36,31.85,False,MEDIUM,DRY,OPEN
2026-03-04 16:17:41,25.49,True,MEDIUM,MOIST,OPEN
2026-03-04 16:17:46,30.47,False,LOW,DRY,OPEN
2026-03-04 16:17:51,39.28,False,MEDIUM,MOIST,OPEN
2026-03-04 16:17:56,27.86,True,HIGH,WET,OPEN
2026-03-04 16:18:01,39.68,False,HIGH,WET,OPEN
2026-03-04 16:18:06,35.28,True,LOW,DRY,OPEN
2026-03-04 16:18:11,38.25,True,HIGH,DRY,OPEN
2026-03-04 16:18:16,25.64,False,MEDIUM,MOIST,OPEN
2026-03-04 16:18:21,39.93,True,HIGH,WET,OPEN
2026-03-04 16:18:26,32.85,True,LOW,MOIST,OPEN
2026-03-04 16:18:31,26.36,False,MEDIUM,MOIST,OPEN
2026-03-04 16:18:36,39.04,True,LOW,WET,OPEN
2026-03-04 16:18:41,27.36,True,LOW,WET,OPEN
2026-03-04 16:18:46,35.36,False,LOW,MOIST,OPEN
2026-03-04 16:18:51,25.46,False,MEDIUM,MOIST,OPEN
2026-03-04 16:18:56,35.7,True,HIGH,MOIST,OPEN
2026-03-04 16:19:01,30.89,False,LOW,WET,OPEN
2026-03-04 16:19:06,37.67,True,LOW,DRY,OPEN
2026-03-04 16:19:11,36.12,True,MEDIUM,WET,OPEN
2026-03-04 16:19:16,27.29,False,MEDIUM,WET,OPEN
2026-03-04 16:19:21,30.12,False,LOW,DRY,OPEN
2026-03-04 16:19:26,35.49,False,LOW,WET,OPEN
2026-03-04 16:19:31,31.56,True,LOW,DRY,OPEN
2026-03-04 16:19:36,27.48,True,HIGH,WET,OPEN
2026-03-04 16:19:41,28.47,False,LOW,DRY,OPEN
2026-03-04 16:19:46,27.89,False,HIGH,WET,OPEN
2026-03-04 16:19:51,32.44,False,LOW,WET,OPEN
2026-03-04 16:19:56,30.51,True,MEDIUM,DRY,OPEN
2026-03-04 16:20:01,38.81,True,MEDIUM,MOIST,OPEN
2026-03-04 16:20:06,38.06,False,HIGH,DRY,OPEN
2026-03-04 16:20:11,26.56,False,LOW,WET,OPEN
2026-03-04 16:20:16,39.22,True,LOW,WET,OPEN
2026-03-04 16:20:21,37.36,False,LOW,DRY,OPEN
2026-03-04 16:20:26,36.77,True,MEDIUM,MOIST,OPEN
2026-03-04 16:20:31,25.35,False,LOW,MOIST,OPEN
2026-03-04 16:20:36,33.71,True,LOW,DRY,OPEN
2026-03-04 16:20:41,27.54,True,MEDIUM,MOIST,OPEN
2026-03-04 16:20:46,36.92,True,HIGH,WET,OPEN
2026-03-04 16:20:51,30.1,True,HIGH,MOIST,OPEN
2026-03-04 16:20:56,28.91,True,HIGH,WET,OPEN
2026-03-04 16:21:01,27.53,False,HIGH,WET,OPEN
2026-03-04 16:21:06,38.58,False,HIGH,MOIST,OPEN
2026-03-04 16:21:11,38.39,True,MEDIUM,WET,OPEN
2026-03-04 16:21:16,35.52,False,HIGH,WET,OPEN
2026-03-04 16:21:21,31.87,True,HIGH,WET,OPEN
2026-03-04 16:21:26,31.1,False,MEDIUM,MOIST,OPEN
2026-03-04 16:21:31,25.51,False,MEDIUM,DRY,OPEN
2026-03-04 16:21:36,38.76,False,MEDIUM,DRY,OPEN
2026-03-04 16:21:41,35.51,False,HIGH,MOIST,OPEN
2026-03-04 16:21:46,26.11,True,LOW,MOIST,OPEN
2026-03-04 16:21:51,39.93,True,MEDIUM,DRY,OPEN
2026-03-04 16:21:56,33.41,False,HIGH,DRY,OPEN
2026-03-04 16:22:01,39.77,True,LOW,DRY,OPEN
2026-03-04 16:22:07,31.17,False,HIGH,DRY,OPEN
2026-03-04 16:22:12,38.53,True,MEDIUM,MOIST,OPEN
2026-03-04 16:22:17,26.72,True,MEDIUM,MOIST,OPEN
2026-03-04 16:22:22,33.73,True,LOW,WET,OPEN
2026-03-04 16:22:27,26.93,True,MEDIUM,WET,OPEN
2026-03-04 16:22:32,38.43,False,LOW,DRY,OPEN
2026-03-04 16:22:37,38.84,False,HIGH,WET,OPEN
2026-03-04 16:22:42,26.63,False,MEDIUM,MOIST,OPEN
2026-03-04 16:22:47,29.48,True,HIGH,MOIST,OPEN
2026-03-04 16:22:52,27.4,False,HIGH,WET,OPEN
2026-03-04 16:22:57,32.99,False,LOW,DRY,OPEN
2026-03-04 16:23:02,30.56,True,MEDIUM,DRY,OPEN
2026-03-04 16:23:07,38.26,True,HIGH,MOIST,OPEN
2026-03-04 16:23:12,39.25,False,LOW,WET,OPEN
2026-03-04 16:23:17,29.24,False,LOW,WET,OPEN
2026-03-04 16:23:22,26.13,True,LOW,MOIST,OPEN
2026-03-04 16:23:27,28.67,True,LOW,DRY,OPEN
2026-03-04 16:23:32,39.88,False,LOW,WET,OPEN
2026-03-04 16:23:37,30.8,False,HIGH,WET,OPEN
2026-03-04 16:23:42,25.54,False,HIGH,WET,OPEN
2026-03-04 16:23:47,36.98,True,LOW,DRY,OPEN
2026-03-04 16:23:52,29.81,True,HIGH,DRY,OPEN
2026-03-04 16:23:57,36.32,False,MEDIUM,DRY,OPEN
2026-03-04 16:24:02,39.51,False,LOW,DRY,OPEN
2026-03-04 16:24:07,29.29,False,LOW,MOIST,OPEN
2026-03-04 16:24:12,26.24,True,HIGH,DRY,OPEN
2026-03-04 16:24:17,39.18,True,HIGH,DRY,OPEN
2026-03-04 16:24:22,31.57,False,HIGH,WET,OPEN
2026-03-04 16:24:27,35.57,False,MEDIUM,MOIST,OPEN
2026-03-04 16:24:32,37.14,True,HIGH,WET,OPEN
2026-03-04 16:24:37,38.34,True,MEDIUM,DRY,OPEN
2026-03-04 16:24:42,36.17,False,MEDIUM,DRY,OPEN
2026-03-04 16:24:47,38.04,False,LOW,MOIST,OPEN
2026-03-04 16:24:52,36.57,False,HIGH,WET,OPEN
2026-03-04 16:24:57,37.84,False,MEDIUM,DRY,OPEN
2026-03-04 16:25:02,36.93,False,LOW,DRY,OPEN
2026-03-04 16:25:07,25.32,True,MEDIUM,MOIST,OPEN
2026-03-04 16:25:12,30.33,False,LOW,WET,OPEN
2026-03-04 16:25:17,25.84,False,LOW,MOIST,OPEN
2026-03-04 16:25:22,28.44,False,MEDIUM,WET,OPEN
2026-03-04 16:25:27,36.36,False,HIGH,MOIST,OPEN
2026-03-04 16:25:32,30.28,True,HIGH,DRY,OPEN
2026-03-04 16:25:37,39.73,True,MEDIUM,MOIST,OPEN
2026-03-04 16:25:42,30.28,False,MEDIUM,WET,OPEN
2026-03-04 16:25:47,34.9,False,LOW,WET,OPEN
2026-03-04 16:25:52,25.02,False,LOW,MOIST,OPEN
2026-03-04 16:25:57,27.74,True,LOW,DRY,OPEN
2026-03-04 16:26:02,30.79,False,LOW,DRY,OPEN
2026-03-04 16:26:07,34.51,False,HIGH,MOIST,OPEN
2026-03-04 16:26:12,32.18,True,HIGH,DRY,OPEN
2026-03-04 16:26:17,33.36,False,HIGH,MOIST,OPEN
2026-03-04 16:26:22,36.78,False,MEDIUM,WET,OPEN
2026-03-04 16:26:27,39.14,False,LOW,DRY,OPEN
2026-03-04 16:26:32,27.99,True,LOW,MOIST,OPEN
2026-03-04 16:26:37,33.16,False,HIGH,WET,OPEN
2026-03-04 16:26:42,27.68,True,MEDIUM,DRY,OPEN
2026-03-04 16:26:47,27.89,True,MEDIUM,DRY,OPEN
2026-03-04 16:26:52,39.83,True,HIGH,DRY,OPEN
2026-03-04 16:26:57,34.03,True,MEDIUM,DRY,OPEN
2026-03-04 16:27:02,38.88,False,HIGH,DRY,OPEN
2026-03-04 16:27:07,27.47,True,HIGH,MOIST,OPEN
2026-03-04 16:27:12,34.39,True,LOW,DRY,OPEN
2026-03-04 16:27:17,35.35,True,LOW,MOIST,OPEN
2026-03-04 16:27:22,38.41,True,HIGH,MOIST,OPEN
2026-03-04 16:27:27,32.01,False,LOW,WET,OPEN
2026-03-04 16:27:32,29.95,False,LOW,MOIST,OPEN
2026-03-04 16:27:37,31.77,True,HIGH,WET,OPEN
2026-03-04 16:27:42,38.9,True,HIGH,WET,OPEN
2026-03-04 16:27:47,29.41,True,MEDIUM,DRY,OPEN
2026-03-04 16:27:52,25.45,False,HIGH,DRY,OPEN
2026-03-04 16:27:57,39.2,False,HIGH,MOIST,OPEN
2026-03-04 16:28:02,34.05,True,MEDIUM,DRY,OPEN
2026-03-04 16:28:07,38.84,True,HIGH,DRY,OPEN
2026-03-04 16:28:12,27.35,False,MEDIUM,DRY,OPEN
2026-03-04 16:28:17,30.8,False,MEDIUM,DRY,OPEN
2026-03-04 16:28:22,27.88,True,LOW,MOIST,OPEN
2026-03-04 16:28:27,29.31,False,MEDIUM,DRY,OPEN
2026-03-04 16:28:32,25.42,True,LOW,DRY,OPEN
2026-03-04 16:28:37,25.61,True,LOW,WET,OPEN
2026-03-04 16:28:42,26.22,False,LOW,MOIST,OPEN
2026-03-04 16:28:47,38.01,True,HIGH,DRY,OPEN
2026-03-04 16:28:52,27.16,False,HIGH,MOIST,OPEN
2026-03-04 16:28:57,34.98,True,HIGH,DRY,OPEN
2026-03-04 16:29:03,31.45,True,LOW,WET,OPEN
2026-03-04 16:29:08,35.09,False,LOW,DRY,OPEN
2026-03-04 16:29:13,32.96,True,HIGH,WET,OPEN
2026-03-04 16:29:18,27.73,False,MEDIUM,DRY,OPEN
2026-03-04 16:29:23,37.91,True,LOW,MOIST,OPEN
2026-03-04 16:29:28,32.14,True,MEDIUM,MOIST,OPEN
2026-03-04 16:29:33,36.01,False,HIGH,MOIST,OPEN
2026-03-04 16:29:38,25.46,True,LOW,MOIST,OPEN
2026-03-04 16:29:43,27.3,False,MEDIUM,WET,OPEN
2026-03-04 16:29:48,30.96,True,MEDIUM,DRY,OPEN
2026-03-04 16:29:53,35.37,True,MEDIUM,DRY,OPEN
2026-03-04 16:29:58,33.07,True,HIGH,MOIST,OPEN
2026-03-04 16:30:03,39.59,False,LOW,MOIST,OPEN
2026-03-04 16:30:08,30.24,True,HIGH,DRY,OPEN
2026-03-04 16:30:13,35.09,False,MEDIUM,MOIST,OPEN
2026-03-04 16:30:18,28.71,True,LOW,MOIST,OPEN
2026-03-04 16:30:23,33.89,True,HIGH,WET,OPEN
2026-03-04 16:30:28,31.59,True,HIGH,WET,OPEN
2026-03-04 16:30:33,34.12,True,HIGH,MOIST,OPEN
2026-03-04 16:30:38,25.95,True,HIGH,DRY,OPEN
2026-03-04 16:30:43,35.27,True,HIGH,WET,OPEN
2026-03-04 16:30:48,27.71,True,HIGH,DRY,OPEN
2026-03-04 16:30:53,39.72,False,LOW,WET,OPEN
2026-03-04 16:30:58,36.27,False,LOW,MOIST,OPEN
2026-03-04 16:31:03,27.69,False,LOW,MOIST,OPEN
2026-03-04 16:31:08,39.98,True,LOW,MOIST,OPEN
2026-03-04 16:31:13,33.09,True,HIGH,WET,OPEN
2026-03-04 16:31:18,36.96,False,LOW,WET,OPEN
2026-03-04 16:31:23,25.06,False,MEDIUM,WET,OPEN
2026-03-04 16:31:28,30.56,False,LOW,DRY,OPEN
2026-03-04 16:31:33,35.4,True,LOW,WET,OPEN
2026-03-04 16:31:38,37.05,True,MEDIUM,WET,OPEN
2026-03-04 16:31:43,26.31,False,MEDIUM,MOIST,OPEN
2026-03-04 16:31:48,30.98,True,HIGH,WET,OPEN
2026-03-04 16:31:53,39.17,False,MEDIUM,MOIST,OPEN
2026-03-04 16:31:58,26.15,True,MEDIUM,WET,OPEN
2026-03-04 16:32:03,39.56,False,LOW,MOIST,OPEN
2026-03-04 16:32:08,35.09,True,MEDIUM,MOIST,OPEN
2026-03-04 16:32:13,34.14,True,HIGH,WET,OPEN
2026-03-04 16:32:18,33.27,True,MEDIUM,DRY,OPEN
2026-03-04 16:32:23,27.47,False,LOW,MOIST,OPEN
2026-03-04 16:32:28,30.99,True,MEDIUM,MOIST,OPEN
2026-03-04 16:32:33,37.97,False,LOW,WET,OPEN
2026-03-04 16:32:38,26.49,False,LOW,DRY,OPEN
2026-03-04 16:32:43,29.39,False,MEDIUM,DRY,OPEN
2026-03-04 16:32:48,29.84,True,LOW,WET,OPEN
2026-03-04 16:32:53,29.27,True,HIGH,WET,OPEN
2026-03-04 16:32:58,38.84,True,HIGH,WET,OPEN
2026-03-04 16:33:03,28.07,True,MEDIUM,WET,OPEN
2026-03-04 16:33:08,32.33,False,LOW,DRY,OPEN
2026-03-04 16:33:13,34.5,True,MEDIUM,DRY,OPEN
2026-03-04 16:33:18,37.92,True,HIGH,WET,OPEN
2026-03-04 16:33:23,25.97,True,HIGH,MOIST,OPEN
2026-03-04 16:33:28,25.49,True,HIGH,DRY,OPEN
2026-03-04 16:33:33,31.63,True,LOW,WET,OPEN
2026-03-04 16:33:38,35.2,True,MEDIUM,MOIST,OPEN
2026-03-04 16:33:43,25.94,False,LOW,WET,OPEN
2026-03-04 16:33:48,35.05,True,MEDIUM,DRY,OPEN
2026-03-04 16:33:53,38.72,True,LOW,DRY,OPEN
2026-03-04 16:33:58,34.21,False,HIGH,WET,OPEN
2026-03-04 16:34:03,27.13,False,HIGH,WET,OPEN
2026-03-04 16:34:08,26.0,True,LOW,DRY,OPEN
2026-03-04 16:34:13,33.27,True,LOW,WET,OPEN
2026-03-04 16:34:18,27.36,False,HIGH,MOIST,OPEN
2026-03-04 16:34:23,38.81,False,MEDIUM,WET,OPEN
2026-03-04 16:34:28,34.69,True,LOW,MOIST,OPEN
2026-03-04 16:34:33,25.13,False,HIGH,MOIST,OPEN
2026-03-04 16:34:38,31.3,True,HIGH,MOIST,OPEN
2026-03-04 16:34:43,38.9,False,HIGH,WET,OPEN
2026-03-04 16:34:48,35.81,False,MEDIUM,MOIST,OPEN
2026-03-04 16:34:53,39.09,True,LOW,DRY,OPEN
2026-03-04 16:34:58,25.95,False,MEDIUM,MOIST,OPEN
2026-03-04 16:35:03,27.31,False,MEDIUM,MOIST,OPEN
2026-03-04 16:35:08,36.82,False,MEDIUM,WET,OPEN
2026-03-04 16:35:13,39.42,True,HIGH,DRY,OPEN
2026-03-04 16:35:18,38.05,True,LOW,DRY,OPEN
2026-03-04 16:35:23,31.65,True,LOW,MOIST,OPEN
2026-03-04 16:35:28,32.64,False,LOW,WET,OPEN
2026-03-04 16:35:33,32.27,True,HIGH,WET,OPEN
2026-03-04 16:35:38,27.47,True,HIGH,DRY,OPEN
2026-03-04 16:35:44,34.79,True,MEDIUM,DRY,OPEN
2026-03-04 16:35:49,35.75,True,MEDIUM,MOIST,OPEN
2026-03-04 16:35:54,29.09,False,HIGH,WET,OPEN
2026-03-04 16:35:59,34.7,False,MEDIUM,DRY,OPEN
2026-03-04 16:36:04,33.74,True,HIGH,DRY,OPEN
2026-03-04 16:36:09,26.73,False,MEDIUM,DRY,OPEN
2026-03-04 16:36:14,35.5,False,LOW,DRY,OPEN
2026-03-04 16:36:19,30.74,False,MEDIUM,MOIST,OPEN
2026-03-04 16:36:24,26.73,True,MEDIUM,WET,OPEN
2026-03-04 16:36:29,27.73,False,MEDIUM,DRY,OPEN
2026-03-04 16:36:34,39.25,False,LOW,MOIST,OPEN
2026-03-04 16:36:39,36.44,True,HIGH,MOIST,OPEN
2026-03-04 16:36:44,30.96,True,HIGH,DRY,OPEN
2026-03-04 16:36:49,39.79,False,LOW,MOIST,OPEN
2026-03-04 16:36:54,38.75,True,LOW,WET,OPEN
2026-03-04 16:36:59,32.4,True,HIGH,MOIST,OPEN
2026-03-04 16:37:04,33.46,True,HIGH,MOIST,OPEN
2026-03-04 16:37:09,29.88,True,MEDIUM,WET,OPEN
2026-03-04 16:37:14,32.37,True,LOW,WET,OPEN
2026-03-04 16:37:19,26.09,True,MEDIUM,WET,OPEN
2026-03-04 16:37:24,37.11,True,HIGH,DRY,OPEN
2026-03-04 16:37:29,33.02,False,HIGH,WET,OPEN
2026-03-04 16:37:34,26.1,True,MEDIUM,WET,OPEN
2026-03-04 16:37:39,33.97,True,LOW,WET,OPEN
2026-03-04 16:37:44,28.57,True,MEDIUM,WET,OPEN
2026-03-04 16:37:49,33.5,False,MEDIUM,MOIST,OPEN
2026-03-04 16:37:54,37.52,False,LOW,WET,OPEN
2026-03-04 16:37:59,35.69,False,HIGH,DRY,OPEN
2026-03-04 16:38:04,26.79,False,HIGH,DRY,OPEN
2026-03-04 16:38:09,32.92,True,HIGH,WET,OPEN
2026-03-04 16:38:14,28.78,True,HIGH,WET,OPEN
2026-03-04 16:38:19,37.66,True,MEDIUM,MOIST,OPEN
2026-03-04 16:38:24,37.75,False,MEDIUM,MOIST,OPEN
2026-03-04 16:38:29,31.64,False,HIGH,DRY,OPEN
2026-03-04 16:38:34,36.44,True,MEDIUM,WET,OPEN
2026-03-04 16:38:39,38.23,True,MEDIUM,WET,OPEN
2026-03-04 16:38:44,25.36,False,HIGH,MOIST,OPEN
2026-03-04 16:38:49,30.77,False,MEDIUM,WET,OPEN
2026-03-04 16:38:54,31.59,False,HIGH,WET,OPEN
2026-03-04 16:38:59,36.98,True,LOW,DRY,OPEN
2026-03-04 16:39:04,27.37,True,HIGH,MOIST,OPEN
2026-03-04 16:39:09,34.04,False,MEDIUM,MOIST,OPEN
2026-03-04 16:39:14,36.79,True,LOW,DRY,OPEN
2026-03-04 16:39:19,27.89,True,LOW,MOIST,OPEN
2026-03-04 16:39:24,31.19,True,LOW,WET,OPEN
2026-03-04 16:39:29,29.24,False,MEDIUM,DRY,OPEN
2026-03-04 16:39:34,31.93,False,HIGH,WET,OPEN
2026-03-04 16:39:39,39.28,True,LOW,MOIST,OPEN
2026-03-04 16:39:44,31.68,True,HIGH,DRY,OPEN
2026-03-04 16:39:49,33.42,False,LOW,DRY,OPEN
2026-03-04 16:39:54,34.95,False,MEDIUM,MOIST,OPEN
2026-03-04 16:39:59,34.83,True,MEDIUM,DRY,OPEN
2026-03-04 16:40:04,27.53,False,MEDIUM,WET,OPEN
2026-03-04 16:40:09,30.54,False,HIGH,DRY,OPEN
2026-03-04 16:40:14,35.84,False,HIGH,MOIST,OPEN
2026-03-04 16:40:19,28.59,False,HIGH,MOIST,OPEN
2026-03-04 16:40:24,31.3,False,MEDIUM,WET,OPEN
2026-03-04 16:40:29,33.96,True,LOW,DRY,OPEN
2026-03-04 16:40:34,38.06,True,LOW,MOIST,OPEN
2026-03-04 16:40:39,26.1,True,LOW,MOIST,OPEN
2026-03-04 16:40:44,28.45,False,HIGH,WET,OPEN
2026-03-04 16:40:49,36.64,False,HIGH,MOIST,OPEN
2026-03-04 16:40:54,36.75,True,MEDIUM,WET,OPEN
2026-03-04 16:40:59,34.35,False,MEDIUM,DRY,OPEN
2026-03-04 16:41:04,34.64,False,HIGH,WET,OPEN
2026-03-04 16:41:09,38.8,True,HIGH,WET,OPEN
2026-03-04 16:41:14,32.05,True,HIGH,DRY,OPEN
2026-03-04 16:41:19,37.98,True,HIGH,WET,OPEN
2026-03-04 16:41:24,39.24,False,LOW,MOIST,OPEN
2026-03-04 16:41:29,39.42,True,HIGH,MOIST,OPEN
2026-03-04 16:41:34,39.57,True,LOW,WET,OPEN
2026-03-04 16:41:39,29.18,True,MEDIUM,WET,OPEN
2026-03-04 16:41:44,30.99,True,HIGH,WET,OPEN
2026-03-04 16:41:49,25.97,False,LOW,DRY,OPEN
2026-03-04 16:41:54,32.93,True,LOW,WET,OPEN
2026-03-04 16:41:59,37.32,False,HIGH,MOIST,OPEN
2026-03-04 16:42:04,39.26,True,MEDIUM,DRY,OPEN
2026-03-04 16:42:09,39.51,False,MEDIUM,MOIST,OPEN
2026-03-04 16:42:14,29.17,False,HIGH,WET,OPEN
2026-03-04 16:42:19,33.88,True,HIGH,WET,OPEN
2026-03-04 16:42:24,28.14,True,LOW,MOIST,OPEN
2026-03-04 16:42:29,28.05,True,LOW,DRY,OPEN
2026-03-04 16:42:35,28.94,True,HIGH,WET,OPEN
2026-03-04 16:42:40,39.76,False,LOW,DRY,OPEN
2026-03-04 16:42:45,34.03,True,MEDIUM,WET,OPEN
2026-03-04 16:42:50,33.41,True,LOW,DRY,OPEN
2026-03-04 16:42:55,29.51,True,LOW,WET,OPEN
2026-03-04 16:43:00,36.79,False,HIGH,DRY,OPEN
2026-03-04 16:43:05,31.61,False,LOW,DRY,OPEN
2026-03-04 16:43:10,39.59,False,HIGH,DRY,OPEN
2026-03-04 16:43:15,38.62,True,LOW,DRY,OPEN
2026-03-04 16:43:20,27.4,True,MEDIUM,MOIST,OPEN
2026-03-04 16:43:25,27.16,False,LOW,DRY,OPEN
2026-03-04 16:43:30,26.39,False,HIGH,WET,OPEN
2026-03-04 16:43:35,37.55,False,LOW,WET,OPEN
2026-03-04 16:43:40,25.39,True,LOW,DRY,OPEN
2026-03-04 16:43:45,35.32,False,LOW,MOIST,OPEN
2026-03-04 16:43:50,39.1,True,HIGH,WET,OPEN
2026-03-04 16:43:55,34.93,True,LOW,MOIST,OPEN
2026-03-04 16:44:00,28.39,True,LOW,WET,OPEN
2026-03-04 16:44:05,29.22,True,MEDIUM,MOIST,OPEN
2026-03-04 16:44:10,28.95,False,LOW,WET,OPEN
2026-03-04 16:44:15,37.73,True,MEDIUM,WET,OPEN
2026-03-04 16:44:20,28.94,False,MEDIUM,DRY,OPEN
2026-03-04 16:44:25,35.94,False,MEDIUM,DRY,OPEN
2026-03-04 16:44:30,33.13,True,MEDIUM,MOIST,OPEN
2026-03-04 16:44:35,39.57,False,HIGH,DRY,OPEN
2026-03-04 16:44:40,31.87,True,HIGH,WET,OPEN
2026-03-04 16:44:45,33.53,True,HIGH,DRY,OPEN
2026-03-04 16:44:50,32.56,False,HIGH,MOIST,OPEN
2026-03-04 16:44:55,33.75,True,HIGH,MOIST,OPEN
2026-03-04 16:45:00,36.66,False,HIGH,MOIST,OPEN
2026-03-04 16:45:05,37.09,False,HIGH,WET,OPEN
2026-03-04 16:45:10,30.86,False,HIGH,MOIST,OPEN
2026-03-04 16:45:15,31.16,True,MEDIUM,WET,OPEN
2026-03-04 16:45:20,30.94,False,HIGH,DRY,OPEN
2026-03-04 16:45:25,29.14,True,LOW,MOIST,OPEN
2026-03-04 16:45:30,38.86,False,LOW,WET,OPEN
2026-03-04 16:45:35,35.11,False,HIGH,MOIST,OPEN
2026-03-04 16:45:40,38.0,True,MEDIUM,WET,OPEN
2026-03-04 16:45:45,26.86,True,HIGH,DRY,OPEN
2026-03-04 16:45:50,29.73,True,HIGH,DRY,OPEN
2026-03-04 16:45:55,28.48,False,HIGH,DRY,OPEN
2026-03-04 16:46:00,27.92,False,MEDIUM,WET,OPEN
2026-03-04 16:46:05,32.91,True,HIGH,DRY,OPEN
2026-03-04 16:46:10,30.85,True,LOW,WET,OPEN
2026-03-04 16:46:15,30.72,False,LOW,MOIST,OPEN
2026-03-04 16:46:20,26.79,True,LOW,WET,OPEN
2026-03-04 16:46:25,34.12,False,MEDIUM,MOIST,OPEN
2026-03-04 16:46:30,31.45,False,HIGH,MOIST,OPEN
2026-03-04 16:46:35,32.01,False,MEDIUM,WET,OPEN
2026-03-04 16:46:40,27.53,False,LOW,MOIST,OPEN
2026-03-04 16:46:45,28.98,False,HIGH,DRY,OPEN
2026-03-04 16:46:50,37.17,True,HIGH,WET,OPEN
2026-03-04 16:46:55,29.12,True,HIGH,DRY,OPEN
2026-03-04 16:47:00,34.09,False,HIGH,MOIST,OPEN
2026-03-04 16:47:05,39.7,False,LOW,MOIST,OPEN
2026-03-04 16:47:10,34.74,True,LOW,MOIST,OPEN
2026-03-04 16:47:15,30.15,False,LOW,MOIST,OPEN
2026-03-04 16:47:20,29.48,True,MEDIUM,MOIST,OPEN
2026-03-04 16:47:25,25.29,True,LOW,DRY,OPEN
2026-03-04 16:47:30,34.13,False,HIGH,WET,OPEN
2026-03-04 16:47:35,26.47,True,MEDIUM,MOIST,OPEN
2026-03-04 16:47:40,26.58,True,HIGH,WET,OPEN
2026-03-04 16:47:45,37.69,False,LOW,DRY,OPEN
2026-03-04 16:47:50,37.09,False,MEDIUM,MOIST,OPEN
2026-03-04 16:47:55,36.41,True,LOW,MOIST,OPEN
2026-03-04 16:48:00,36.29,True,HIGH,DRY,OPEN
2026-03-04 16:48:05,33.82,True,LOW,WET,OPEN
2026-03-04 16:48:10,28.91,True,HIGH,DRY,OPEN
2026-03-04 16:48:15,28.94,True,LOW,DRY,OPEN
2026-03-04 16:48:20,35.32,False,HIGH,WET,OPEN
2026-03-04 16:48:25,37.87,False,LOW,WET,OPEN
2026-03-04 16:48:30,25.56,False,LOW,DRY,OPEN
2026-03-04 16:48:35,33.06,True,HIGH,WET,OPEN
2026-03-04 16:48:40,36.36,False,LOW,MOIST,OPEN
2026-03-04 16:48:45,37.5,False,HIGH,DRY,OPEN
2026-03-04 16:48:50,33.98,True,LOW,MOIST,OPEN
2026-03-04 16:48:55,29.68,False,MEDIUM,WET,OPEN
2026-03-04 16:49:00,34.58,True,HIGH,WET,OPEN
2026-03-04 16:49:05,25.81,False,MEDIUM,MOIST,OPEN
2026-03-04 16:49:10,32.88,True,MEDIUM,WET,OPEN
2026-03-04 16:49:15,35.23,False,LOW,DRY,OPEN
2026-03-04 16:49:20,26.8,False,MEDIUM,DRY,OPEN
2026-03-04 16:49:26,37.88,False,HIGH,MOIST,OPEN
2026-03-04 16:49:31,26.73,True,MEDIUM,MOIST,OPEN
2026-03-04 16:49:36,27.78,False,HIGH,WET,OPEN
2026-03-04 16:49:41,27.84,True,MEDIUM,DRY,OPEN
2026-03-04 16:49:46,26.36,True,MEDIUM,WET,OPEN
2026-03-04 16:49:51,28.2,True,MEDIUM,MOIST,OPEN
2026-03-04 16:49:56,38.09,False,LOW,WET,OPEN
2026-03-04 16:50:01,29.5,True,LOW,MOIST,OPEN
2026-03-04 16:50:06,27.69,True,MEDIUM,MOIST,OPEN
2026-03-04 16:50:11,27.13,False,LOW,DRY,OPEN
2026-03-04 16:50:16,39.59,True,HIGH,MOIST,OPEN
2026-03-04 16:50:21,30.79,False,HIGH,WET,OPEN
2026-03-04 16:50:26,29.43,False,MEDIUM,MOIST,OPEN
2026-03-04 16:50:31,31.91,False,MEDIUM,MOIST,OPEN
2026-03-04 16:50:36,31.78,False,LOW,WET,OPEN
2026-03-04 16:50:41,36.03,False,LOW,MOIST,OPEN
2026-03-04 16:50:46,27.71,False,LOW,DRY,OPEN
2026-03-04 16:50:51,37.18,False,HIGH,MOIST,OPEN
2026-03-04 16:50:56,25.43,False,HIGH,MOIST,OPEN
2026-03-04 16:51:01,39.2,False,LOW,MOIST,OPEN
2026-03-04 16:51:06,32.75,False,HIGH,WET,OPEN
2026-03-04 16:51:11,38.34,True,LOW,WET,OPEN
2026-03-04 16:51:16,31.14,True,LOW,WET,OPEN
2026-03-04 16:51:21,32.88,True,LOW,DRY,OPEN
2026-03-04 16:51:26,26.34,False,MEDIUM,MOIST,OPEN
2026-03-04 16:51:31,25.37,True,MEDIUM,DRY,OPEN
2026-03-04 16:51:36,36.13,True,MEDIUM,WET,OPEN
2026-03-04 16:51:41,36.11,False,HIGH,WET,OPEN
2026-03-04 16:51:46,38.8,False,LOW,MOIST,OPEN
2026-03-04 16:51:51,33.45,True,MEDIUM,DRY,OPEN
2026-03-04 16:51:56,31.16,False,MEDIUM,DRY,OPEN
2026-03-04 16:52:01,28.94,False,MEDIUM,MOIST,OPEN
2026-03-04 16:52:06,30.1,True,MEDIUM,WET,OPEN
2026-03-04 16:52:11,30.44,True,HIGH,WET,OPEN
2026-03-04 16:52:16,34.36,True,MEDIUM,DRY,OPEN
2026-03-04 16:52:21,30.85,True,LOW,MOIST,OPEN
2026-03-04 16:52:26,38.14,True,HIGH,WET,OPEN
2026-03-04 16:52:31,31.94,False,HIGH,WET,OPEN
2026-03-04 16:52:36,34.5,True,LOW,DRY,OPEN
2026-03-04 16:52:41,35.8,True,MEDIUM,MOIST,OPEN
2026-03-04 16:52:46,33.38,True,MEDIUM,WET,OPEN
2026-03-04 16:52:51,34.97,False,LOW,MOIST,OPEN
2026-03-04 16:52:56,37.42,False,LOW,WET,OPEN
2026-03-04 16:53:01,32.41,True,MEDIUM,MOIST,OPEN
2026-03-04 16:53:06,31.62,True,HIGH,WET,OPEN
2026-03-04 16:53:11,32.9,False,LOW,DRY,OPEN
2026-03-04 16:53:16,25.35,False,MEDIUM,WET,OPEN
2026-03-04 16:53:21,38.93,True,LOW,DRY,OPEN
2026-03-04 16:53:26,30.65,True,MEDIUM,DRY,OPEN
2026-03-04 16:53:31,35.3,True,MEDIUM,MOIST,OPEN
2026-03-04 16:53:36,26.62,False,MEDIUM,DRY,OPEN
2026-03-04 16:53:41,39.05,False,MEDIUM,MOIST,OPEN
2026-03-04 16:53:46,38.77,True,LOW,DRY,OPEN
2026-03-04 16:53:51,28.6,True,HIGH,DRY,OPEN
2026-03-04 16:53:56,36.74,False,MEDIUM,MOIST,OPEN
2026-03-04 16:54:01,33.06,True,HIGH,DRY,OPEN
2026-03-04 16:54:06,36.47,False,LOW,DRY,OPEN
2026-03-04 16:54:11,35.64,True,HIGH,DRY,OPEN
2026-03-04 16:54:16,37.73,False,LOW,MOIST,OPEN
2026-03-04 16:54:21,31.29,True,LOW,WET,OPEN
2026-03-04 16:54:26,30.65,False,LOW,WET,OPEN
2026-03-04 16:54:31,27.77,False,MEDIUM,WET,OPEN
2026-03-04 16:54:36,37.27,True,HIGH,WET,OPEN
2026-03-04 16:54:41,30.44,False,HIGH,WET,OPEN
2026-03-04 16:54:46,28.69,True,HIGH,MOIST,OPEN
2026-03-04 16:54:51,32.62,True,LOW,MOIST,OPEN
2026-03-04 16:54:56,35.83,True,HIGH,MOIST,OPEN
2026-03-04 16:55:01,34.41,False,MEDIUM,MOIST,OPEN
2026-03-04 16:55:06,39.91,False,LOW,WET,OPEN
2026-03-04 16:55:11,38.36,True,MEDIUM,WET,OPEN
2026-03-04 16:55:16,39.28,True,HIGH,MOIST,OPEN
2026-03-04 16:55:22,32.69,True,HIGH,WET,OPEN
2026-03-04 16:55:27,29.54,True,MEDIUM,DRY,OPEN
2026-03-04 16:55:32,27.89,True,MEDIUM,WET,OPEN
2026-03-04 16:55:37,30.48,True,LOW,MOIST,OPEN
2026-03-04 16:55:42,25.33,True,LOW,MOIST,OPEN
2026-03-04 16:55:47,30.26,True,HIGH,DRY,OPEN
2026-03-04 16:55:52,32.34,False,MEDIUM,MOIST,OPEN
2026-03-04 16:55:57,26.7,True,LOW,MOIST,OPEN
2026-03-04 16:56:02,29.69,False,HIGH,WET,OPEN
2026-03-04 16:56:07,30.23,True,HIGH,DRY,OPEN
2026-03-04 16:56:12,36.28,True,MEDIUM,DRY,OPEN
2026-03-04 16:56:17,37.75,True,HIGH,WET,OPEN
2026-03-04 16:56:22,33.34,False,HIGH,DRY,OPEN
2026-03-04 16:56:27,27.41,False,LOW,DRY,OPEN
2026-03-04 16:56:32,26.6,True,LOW,MOIST,OPEN
2026-03-04 16:56:37,35.55,True,HIGH,MOIST,OPEN
2026-03-04 16:56:42,35.84,False,LOW,DRY,OPEN
2026-03-04 16:56:47,26.43,False,LOW,MOIST,OPEN
2026-03-04 16:56:52,30.56,False,HIGH,WET,OPEN
2026-03-04 16:56:57,35.43,True,HIGH,DRY,OPEN
2026-03-04 16:57:02,27.15,False,MEDIUM,DRY,OPEN
2026-03-04 16:57:07,34.6,False,HIGH,MOIST,OPEN
2026-03-04 16:57:12,39.0,True,LOW,DRY,OPEN
2026-03-04 16:57:17,39.08,False,LOW,DRY,OPEN
2026-03-04 16:57:22,30.24,False,LOW,WET,OPEN
2026-03-04 16:57:27,29.2,True,MEDIUM,MOIST,OPEN
2026-03-04 16:57:32,31.15,False,HIGH,WET,OPEN
2026-03-04 16:57:37,33.62,True,MEDIUM,MOIST,OPEN
2026-03-04 16:57:42,39.37,False,MEDIUM,DRY,OPEN
2026-03-04 16:57:47,36.69,False,MEDIUM,DRY,OPEN
2026-03-04 16:57:52,37.3,True,HIGH,MOIST,OPEN
2026-03-04 16:57:57,29.33,False,HIGH,MOIST,OPEN
2026-03-04 16:58:02,25.02,True,MEDIUM,MOIST,OPEN
2026-03-04 16:58:07,33.18,False,HIGH,MOIST,OPEN
2026-03-04 16:58:12,33.83,True,LOW,MOIST,OPEN
2026-03-04 16:58:17,31.28,False,LOW,WET,OPEN
2026-03-04 16:58:22,38.87,False,MEDIUM,DRY,OPEN
2026-03-04 16:58:27,27.36,True,HIGH,MOIST,OPEN
2026-03-04 16:58:32,30.98,True,LOW,MOIST,OPEN
2026-03-04 16:58:37,29.7,False,MEDIUM,WET,OPEN
2026-03-04 16:58:42,27.84,False,HIGH,MOIST,OPEN
2026-03-04 16:58:47,28.5,False,HIGH,DRY,OPEN
2026-03-04 16:58:52,27.98,True,HIGH,MOIST,OPEN
2026-03-04 16:58:57,37.89,False,MEDIUM,WET,OPEN
2026-03-04 16:59:02,31.11,False,HIGH,DRY,OPEN
2026-03-04 16:59:07,31.9,True,MEDIUM,MOIST,OPEN
2026-03-04 16:59:12,35.8,False,LOW,DRY,OPEN
2026-03-04 16:59:17,37.34,False,MEDIUM,MOIST,OPEN
2026-03-04 16:59:22,26.58,True,MEDIUM,DRY,OPEN
2026-03-04 16:59:27,33.6,True,MEDIUM,WET,OPEN
2026-03-04 16:59:32,38.33,True,MEDIUM,WET,OPEN
2026-03-04 16:59:37,26.57,False,MEDIUM,MOIST,OPEN
2026-03-04 16:59:42,34.05,True,MEDIUM,DRY,OPEN
2026-03-04 16:59:47,29.54,False,LOW,WET,OPEN
2026-03-04 16:59:52,25.78,True,LOW,WET,OPEN
2026-03-04 16:59:57,39.73,True,HIGH,MOIST,OPEN
2026-03-04 17:00:02,32.13,False,HIGH,WET,OPEN
2026-03-04 17:00:07,30.37,False,MEDIUM,DRY,OPEN
2026-03-04 17:00:12,26.11,False,MEDIUM,WET,OPEN
2026-03-04 17:00:17,27.1,True,HIGH,WET,OPEN
2026-03-04 17:00:22,31.16,True,LOW,WET,OPEN
2026-03-04 17:00:27,35.84,True,HIGH,DRY,OPEN
2026-03-04 17:00:32,38.79,False,LOW,WET,OPEN
2026-03-04 17:00:37,35.82,True,MEDIUM,MOIST,OPEN
2026-03-04 17:00:42,30.57,False,HIGH,WET,OPEN
2026-03-04 17:00:47,36.46,True,LOW,WET,OPEN
2026-03-04 17:00:52,33.18,True,LOW,DRY,OPEN
2026-03-04 17:00:57,26.49,False,MEDIUM,DRY,OPEN
2026-03-04 17:01:02,37.01,True,HIGH,WET,OPEN
2026-03-04 17:01:07,35.87,False,MEDIUM,MOIST,OPEN
2026-03-04 17:01:12,32.27,True,MEDIUM,WET,OPEN
2026-03-04 17:01:18,25.66,True,LOW,WET,OPEN
2026-03-04 17:01:23,39.73,True,MEDIUM,WET,OPEN
2026-03-04 17:01:28,34.69,True,HIGH,DRY,OPEN
2026-03-04 17:01:33,39.98,False,LOW,MOIST,OPEN
2026-03-04 17:01:38,27.07,False,LOW,WET,OPEN
2026-03-04 17:01:43,36.28,False,MEDIUM,MOIST,OPEN
2026-03-04 17:01:48,31.25,True,HIGH,WET,OPEN
2026-03-04 17:01:53,37.0,True,LOW,MOIST,OPEN
2026-03-04 17:01:58,29.19,True,LOW,DRY,OPEN
2026-03-04 17:02:03,39.4,False,MEDIUM,DRY,OPEN
2026-03-04 17:02:08,36.3,True,HIGH,MOIST,OPEN
2026-03-04 17:02:13,33.66,True,MEDIUM,MOIST,OPEN
2026-03-04 17:02:18,38.86,False,MEDIUM,MOIST,OPEN
2026-03-04 17:02:23,35.4,False,LOW,MOIST,OPEN
2026-03-04 17:02:28,27.86,False,MEDIUM,DRY,OPEN
2026-03-04 17:02:33,35.94,False,HIGH,DRY,OPEN
2026-03-04 17:02:38,25.54,False,LOW,DRY,OPEN
2026-03-04 17:02:43,30.32,False,MEDIUM,MOIST,OPEN
2026-03-04 17:02:48,25.99,True,MEDIUM,MOIST,OPEN
2026-03-04 17:02:53,38.69,True,LOW,MOIST,OPEN
2026-03-04 17:02:58,34.37,True,HIGH,MOIST,OPEN
2026-03-04 17:03:03,35.55,False,LOW,WET,OPEN
2026-03-04 17:03:08,39.08,True,LOW,WET,OPEN
2026-03-04 17:03:13,36.27,False,LOW,DRY,OPEN
2026-03-04 17:03:18,36.76,True,LOW,DRY,OPEN
2026-03-04 17:03:23,30.89,False,HIGH,DRY,OPEN
2026-03-04 17:03:28,38.29,True,LOW,DRY,OPEN
2026-03-04 17:03:33,25.37,False,MEDIUM,MOIST,OPEN
2026-03-04 17:03:38,34.16,False,HIGH,WET,OPEN
2026-03-04 17:03:43,36.55,True,MEDIUM,DRY,OPEN
2026-03-04 17:03:48,25.88,True,LOW,MOIST,OPEN
2026-03-04 17:03:53,31.38,False,MEDIUM,MOIST,OPEN
2026-03-04 17:03:58,31.19,True,LOW,MOIST,OPEN
2026-03-04 17:04:03,25.71,False,MEDIUM,DRY,OPEN
2026-03-04 17:04:08,36.98,True,LOW,MOIST,OPEN
2026-03-04 17:04:13,35.28,True,MEDIUM,MOIST,OPEN
2026-03-04 17:04:18,27.19,True,HIGH,DRY,OPEN
2026-03-04 17:04:23,26.18,True,MEDIUM,WET,OPEN
2026-03-04 17:04:28,26.04,False,HIGH,MOIST,OPEN
2026-03-04 17:04:33,32.0,True,HIGH,MOIST,OPEN
2026-03-04 17:04:38,26.63,True,HIGH,WET,OPEN
2026-03-04 17:04:43,39.84,True,HIGH,WET,OPEN
2026-03-04 17:04:48,37.43,False,MEDIUM,DRY,OPEN
2026-03-04 17:04:53,36.29,True,LOW,DRY,OPEN
2026-03-04 17:04:58,26.36,False,MEDIUM,MOIST,OPEN
2026-03-04 17:05:03,39.84,True,MEDIUM,MOIST,OPEN
2026-03-04 17:05:08,33.69,False,MEDIUM,WET,OPEN
2026-03-04 17:05:13,32.09,True,LOW,WET,OPEN
2026-03-04 17:05:18,33.32,False,LOW,WET,OPEN
2026-03-04 17:05:23,32.98,False,MEDIUM,MOIST,OPEN
2026-03-04 17:05:28,35.07,True,LOW,MOIST,OPEN
2026-03-04 17:05:33,38.2,True,HIGH,WET,OPEN
2026-03-04 17:05:38,26.07,True,LOW,WET,OPEN
2026-03-04 17:05:43,31.32,False,LOW,MOIST,OPEN
2026-03-04 17:05:48,39.42,False,HIGH,WET,OPEN
2026-03-04 17:05:53,30.54,True,HIGH,DRY,OPEN
2026-03-04 17:05:58,29.84,False,HIGH,MOIST,OPEN
2026-03-04 17:06:03,34.44,True,MEDIUM,DRY,OPEN
2026-03-04 17:06:08,29.75,True,HIGH,DRY,OPEN
2026-03-04 17:06:13,27.1,True,LOW,WET,OPEN
2026-03-04 17:06:18,37.39,False,LOW,DRY,OPEN
2026-03-04 17:06:23,28.9,True,HIGH,DRY,OPEN
2026-03-04 17:06:28,33.02,False,MEDIUM,WET,OPEN
2026-03-04 17:06:33,37.49,True,HIGH,WET,OPEN
2026-03-04 17:06:38,35.28,True,LOW,DRY,OPEN
2026-03-04 17:06:43,34.09,True,HIGH,MOIST,OPEN
2026-03-04 17:06:48,27.03,False,MEDIUM,WET,OPEN
2026-03-04 17:06:53,29.46,False,HIGH,MOIST,OPEN
2026-03-04 17:06:58,36.11,True,LOW,WET,OPEN
2026-03-04 17:07:03,29.42,False,MEDIUM,WET,OPEN
2026-03-04 17:07:08,39.19,False,LOW,DRY,OPEN
2026-03-04 17:07:13,26.08,False,LOW,MOIST,OPEN
2026-03-04 17:07:18,33.94,False,LOW,DRY,OPEN
2026-03-04 17:07:23,30.68,True,HIGH,WET,OPEN
2026-03-04 17:07:28,35.84,False,MEDIUM,WET,OPEN
2026-03-04 17:07:33,38.99,True,HIGH,WET,OPEN
2026-03-04 17:07:38,32.63,True,LOW,DRY,OPEN
2026-03-04 17:07:43,32.38,False,MEDIUM,DRY,OPEN
2026-03-04 17:07:48,28.62,True,HIGH,MOIST,OPEN
2026-03-04 17:07:53,39.19,False,LOW,WET,OPEN
2026-03-04 17:07:58,37.79,True,HIGH,DRY,OPEN
2026-03-04 17:08:03,35.95,False,HIGH,WET,OPEN
2026-03-04 17:08:09,28.74,False,MEDIUM,DRY,OPEN
2026-03-04 17:08:14,39.79,True,MEDIUM,MOIST,OPEN
2026-03-04 17:08:19,27.74,False,HIGH,MOIST,OPEN
2026-03-04 17:08:24,34.38,False,LOW,MOIST,OPEN
2026-03-04 17:08:29,27.1,True,MEDIUM,MOIST,OPEN
2026-03-04 17:08:34,36.17,True,LOW,MOIST,OPEN
2026-03-04 17:08:39,39.24,True,MEDIUM,WET,OPEN
2026-03-04 17:08:44,36.73,False,LOW,WET,OPEN
2026-03-04 17:08:49,28.74,False,HIGH,DRY,OPEN
2026-03-04 17:08:54,26.75,True,LOW,DRY,OPEN
2026-03-04 17:08:59,32.35,False,LOW,MOIST,OPEN
2026-03-04 17:09:04,38.33,False,LOW,DRY,OPEN
2026-03-04 17:09:09,28.5,True,HIGH,DRY,OPEN
2026-03-04 17:09:14,25.94,False,LOW,DRY,OPEN
2026-03-04 17:09:19,30.06,True,LOW,MOIST,OPEN
2026-03-04 17:09:24,37.33,True,MEDIUM,DRY,OPEN
2026-03-04 17:09:29,27.34,False,LOW,DRY,OPEN
2026-03-04 17:09:34,32.61,True,MEDIUM,WET,OPEN
2026-03-04 17:09:39,38.06,True,LOW,MOIST,OPEN
2026-03-04 17:09:44,33.89,True,MEDIUM,MOIST,OPEN
2026-03-04 17:09:49,36.03,False,MEDIUM,DRY,OPEN
2026-03-04 17:09:54,38.96,True,MEDIUM,DRY,OPEN
2026-03-04 17:09:59,32.78,True,MEDIUM,MOIST,OPEN
2026-03-04 17:10:04,25.91,True,LOW,WET,OPEN
2026-03-04 17:10:09,36.22,True,MEDIUM,DRY,OPEN
2026-03-04 17:10:14,39.18,False,HIGH,WET,OPEN
2026-03-04 17:10:19,25.62,True,HIGH,MOIST,OPEN
2026-03-04 17:10:24,34.04,False,MEDIUM,WET,OPEN
2026-03-04 17:10:29,32.41,True,MEDIUM,MOIST,OPEN
2026-03-04 17:10:34,39.22,True,LOW,DRY,OPEN
2026-03-04 17:10:39,30.77,True,LOW,MOIST,OPEN
2026-03-04 17:10:44,25.37,True,LOW,MOIST,OPEN
2026-03-04 17:10:49,31.82,False,HIGH,MOIST,OPEN
2026-03-04 17:10:54,26.49,True,LOW,WET,OPEN
2026-03-04 17:10:59,38.82,False,LOW,MOIST,OPEN
2026-03-04 17:11:04,31.8,True,MEDIUM,DRY,OPEN
2026-03-04 17:11:09,35.22,False,HIGH,MOIST,OPEN
2026-03-04 17:11:14,32.35,True,MEDIUM,MOIST,OPEN
2026-03-04 17:11:19,35.58,True,HIGH,MOIST,OPEN
2026-03-04 17:11:24,26.57,False,LOW,WET,OPEN
2026-03-04 17:11:29,32.46,True,HIGH,MOIST,OPEN
2026-03-04 17:11:34,32.85,False,LOW,WET,OPEN
2026-03-04 17:11:39,27.33,True,MEDIUM,WET,OPEN
2026-03-04 17:11:44,25.35,False,HIGH,WET,OPEN
2026-03-04 17:11:49,38.09,False,HIGH,DRY,OPEN
2026-03-04 17:11:54,38.84,False,MEDIUM,WET,OPEN
2026-03-04 17:11:59,36.85,False,LOW,MOIST,OPEN
2026-03-04 17:12:04,35.66,True,MEDIUM,DRY,OPEN
2026-03-04 17:12:09,38.94,False,MEDIUM,MOIST,OPEN
2026-03-04 17:12:14,25.03,False,MEDIUM,WET,OPEN
2026-03-04 17:12:19,28.41,False,HIGH,DRY,OPEN
2026-03-04 17:12:24,25.63,True,MEDIUM,DRY,OPEN
2026-03-04 17:12:29,36.85,False,LOW,WET,OPEN
2026-03-04 17:12:35,35.48,False,MEDIUM,MOIST,OPEN
2026-03-04 17:12:40,27.57,False,LOW,MOIST,OPEN
2026-03-04 17:12:45,37.63,True,HIGH,WET,OPEN
2026-03-04 17:12:50,39.86,False,HIGH,MOIST,OPEN
2026-03-04 17:12:55,30.47,True,LOW,WET,OPEN
2026-03-04 17:13:00,33.16,False,LOW,MOIST,OPEN
2026-03-04 17:13:05,39.85,False,MEDIUM,MOIST,OPEN
2026-03-04 17:13:10,32.78,False,HIGH,DRY,OPEN
2026-03-04 17:13:15,28.57,True,LOW,DRY,OPEN
2026-03-04 17:13:20,36.06,True,MEDIUM,DRY,OPEN
2026-03-04 17:13:25,37.91,True,MEDIUM,DRY,OPEN
2026-03-04 17:13:30,39.32,False,MEDIUM,WET,OPEN
2026-03-04 17:13:35,31.22,False,LOW,MOIST,OPEN
2026-03-04 17:13:40,28.43,False,MEDIUM,DRY,OPEN
2026-03-04 17:13:45,33.91,True,MEDIUM,MOIST,OPEN
2026-03-04 17:13:50,26.01,False,LOW,WET,OPEN
2026-03-04 17:13:55,31.86,True,LOW,MOIST,OPEN
2026-03-04 17:14:00,30.69,True,LOW,DRY,OPEN
2026-03-04 17:14:05,29.04,False,LOW,WET,OPEN
2026-03-04 17:14:10,34.0,True,HIGH,MOIST,OPEN
2026-03-04 17:14:15,30.7,False,MEDIUM,DRY,OPEN
2026-03-04 17:14:20,28.29,True,LOW,MOIST,OPEN
2026-03-04 17:14:25,29.66,True,LOW,WET,OPEN
2026-03-04 17:14:30,32.12,True,LOW,MOIST,OPEN
2026-03-04 17:14:35,31.68,True,MEDIUM,WET,OPEN
2026-03-04 17:14:40,32.47,True,MEDIUM,MOIST,OPEN
2026-03-04 17:14:45,31.61,True,HIGH,DRY,OPEN
2026-03-04 17:14:50,38.0,True,MEDIUM,WET,OPEN
2026-03-04 17:14:55,26.67,False,LOW,MOIST,OPEN
2026-03-04 17:15:00,34.13,False,MEDIUM,MOIST,OPEN
2026-03-04 17:15:05,26.21,False,MEDIUM,DRY,OPEN
2026-03-04 17:15:10,39.21,False,HIGH,MOIST,OPEN
2026-03-04 17:15:15,31.11,True,HIGH,WET,OPEN
2026-03-04 17:15:20,36.14,False,LOW,DRY,OPEN
2026-03-04 17:15:25,32.04,True,MEDIUM,MOIST,OPEN
2026-03-04 17:15:30,35.77,True,HIGH,MOIST,OPEN
2026-03-04 17:15:35,27.99,True,LOW,WET,OPEN
2026-03-04 17:15:40,36.47,False,MEDIUM,WET,OPEN
2026-03-04 17:15:45,36.77,False,HIGH,DRY,OPEN
2026-03-04 17:15:50,37.37,True,HIGH,MOIST,OPEN
2026-03-04 17:15:55,34.34,True,HIGH,DRY,OPEN
2026-03-04 17:16:00,30.87,True,HIGH,WET,OPEN
2026-03-04 17:16:05,33.65,False,HIGH,MOIST,OPEN
2026-03-04 17:16:10,39.31,False,MEDIUM,MOIST,OPEN
2026-03-04 17:16:15,37.89,False,LOW,WET,OPEN
2026-03-04 17:16:20,30.41,True,MEDIUM,MOIST,OPEN
2026-03-04 17:16:25,27.95,True,HIGH,MOIST,OPEN
2026-03-04 17:16:30,35.53,False,MEDIUM,WET,OPEN
2026-03-04 17:16:35,26.02,False,HIGH,MOIST,OPEN
2026-03-04 17:16:40,35.23,True,LOW,MOIST,OPEN
2026-03-04 17:16:45,35.04,False,HIGH,WET,OPEN
2026-03-04 17:16:50,36.32,True,MEDIUM,WET,OPEN
2026-03-04 17:16:56,32.74,True,MEDIUM,DRY,OPEN
2026-03-04 17:17:01,33.54,False,LOW,WET,OPEN
2026-03-04 17:17:06,37.6,False,MEDIUM,DRY,OPEN
2026-03-04 17:17:11,37.11,True,HIGH,DRY,OPEN
2026-03-04 17:17:16,31.4,False,LOW,MOIST,OPEN
2026-03-04 17:17:21,27.64,False,HIGH,MOIST,OPEN
2026-03-04 17:17:26,30.02,True,MEDIUM,MOIST,OPEN
2026-03-04 17:17:31,27.68,False,LOW,DRY,OPEN
2026-03-04 17:17:36,38.92,True,MEDIUM,DRY,OPEN
2026-03-04 17:17:41,33.24,False,LOW,MOIST,OPEN
2026-03-04 17:17:46,32.91,False,MEDIUM,MOIST,OPEN
2026-03-04 17:17:51,31.38,False,HIGH,MOIST,OPEN
2026-03-04 17:17:56,25.78,False,LOW,DRY,OPEN
2026-03-04 17:18:01,27.69,True,LOW,MOIST,OPEN
2026-03-04 17:18:06,38.51,True,MEDIUM,MOIST,OPEN
2026-03-04 17:18:11,35.74,False,LOW,MOIST,OPEN
2026-03-04 17:18:16,30.13,False,LOW,MOIST,OPEN
2026-03-04 17:18:21,31.67,False,LOW,DRY,OPEN
2026-03-04 17:18:26,33.92,False,MEDIUM,MOIST,OPEN
2026-03-04 17:18:31,26.3,False,HIGH,WET,OPEN
2026-03-04 17:18:36,33.83,False,HIGH,WET,OPEN
2026-03-04 17:18:41,26.11,False,HIGH,WET,OPEN
2026-03-04 17:18:46,35.98,True,MEDIUM,WET,OPEN
2026-03-04 17:18:51,37.34,False,LOW,MOIST,OPEN
2026-03-04 17:18:56,36.55,False,LOW,MOIST,OPEN
2026-03-04 17:19:01,34.22,False,HIGH,MOIST,OPEN
2026-03-04 17:19:06,39.73,True,HIGH,DRY,OPEN
2026-03-04 17:19:11,25.5,False,MEDIUM,MOIST,OPEN
2026-03-04 17:19:16,38.17,False,LOW,DRY,OPEN
2026-03-04 17:19:21,36.49,False,MEDIUM,WET,OPEN
2026-03-04 17:19:26,35.18,False,LOW,WET,OPEN
2026-03-04 17:19:31,32.44,True,HIGH,DRY,OPEN
2026-03-04 17:19:36,36.48,True,HIGH,DRY,OPEN
2026-03-04 17:19:41,37.69,False,MEDIUM,WET,OPEN
2026-03-04 17:19:46,36.27,True,MEDIUM,DRY,OPEN
2026-03-04 17:19:51,34.77,True,HIGH,WET,OPEN
2026-03-04 17:19:56,30.4,False,HIGH,WET,OPEN
2026-03-04 17:20:01,35.91,True,LOW,WET,OPEN
2026-03-04 17:20:06,34.35,False,HIGH,MOIST,OPEN
2026-03-04 17:20:11,39.69,False,MEDIUM,MOIST,OPEN
2026-03-04 17:20:16,32.17,False,LOW,MOIST,OPEN
2026-03-04 17:20:21,35.51,True,MEDIUM,DRY,OPEN
2026-03-04 17:20:26,32.39,False,HIGH,WET,OPEN
2026-03-04 17:20:31,37.23,False,LOW,WET,OPEN
2026-03-04 17:20:36,29.7,False,HIGH,WET,OPEN
2026-03-04 17:20:41,37.16,True,HIGH,WET,OPEN
2026-03-04 17:20:46,34.09,True,HIGH,MOIST,OPEN
2026-03-04 17:20:51,28.34,True,HIGH,DRY,OPEN
2026-03-04 17:20:56,25.25,False,MEDIUM,WET,OPEN
2026-03-04 17:21:01,33.89,False,LOW,MOIST,OPEN
2026-03-04 17:21:06,31.93,True,MEDIUM,MOIST,OPEN
2026-03-04 17:21:11,30.01,False,MEDIUM,MOIST,OPEN
2026-03-04 17:21:16,33.61,False,LOW,MOIST,OPEN
2026-03-04 17:21:21,26.17,True,HIGH,MOIST,OPEN
2026-03-04 17:21:26,31.93,False,MEDIUM,DRY,OPEN
2026-03-04 17:21:31,25.0,True,LOW,DRY,OPEN
2026-03-04 17:21:36,27.21,True,HIGH,MOIST,OPEN
2026-03-04 17:21:41,38.3,False,HIGH,MOIST,OPEN
2026-03-04 17:21:46,35.55,False,LOW,WET,OPEN
2026-03-04 17:21:51,30.23,True,HIGH,WET,OPEN
2026-03-04 17:21:56,31.37,False,HIGH,MOIST,OPEN
2026-03-04 17:22:01,31.61,False,LOW,DRY,OPEN
2026-03-04 17:22:06,38.01,True,HIGH,DRY,OPEN
2026-03-04 17:22:11,37.75,True,HIGH,DRY,OPEN
2026-03-04 17:22:16,36.53,True,MEDIUM,WET,OPEN
2026-03-04 17:22:21,27.86,True,MEDIUM,DRY,OPEN
2026-03-04 17:22:26,38.28,False,MEDIUM,MOIST,OPEN
2026-03-04 17:22:31,32.43,False,LOW,DRY,OPEN
2026-03-04 17:22:36,37.67,False,HIGH,WET,OPEN
2026-03-04 17:22:41,35.06,True,MEDIUM,DRY,OPEN
2026-03-04 17:22:46,26.65,False,HIGH,MOIST,OPEN
2026-03-04 17:22:51,37.3,False,HIGH,MOIST,OPEN
2026-03-04 17:22:56,37.06,False,LOW,WET,OPEN
2026-03-04 17:23:02,30.36,False,LOW,MOIST,OPEN
2026-03-04 17:23:07,39.28,True,MEDIUM,WET,OPEN
2026-03-04 17:23:12,35.59,True,HIGH,DRY,OPEN
2026-03-04 17:23:17,31.63,True,LOW,WET,OPEN
2026-03-04 17:23:22,37.35,False,HIGH,WET,OPEN
2026-03-04 17:23:27,30.83,True,LOW,DRY,OPEN
2026-03-04 17:23:32,32.74,True,HIGH,MOIST,OPEN
2026-03-04 17:23:37,25.55,True,LOW,WET,OPEN
2026-03-04 17:23:42,31.35,False,HIGH,WET,OPEN
2026-03-04 17:23:47,29.94,False,LOW,MOIST,OPEN
2026-03-04 17:23:52,35.09,True,MEDIUM,MOIST,OPEN
2026-03-04 17:23:57,30.79,True,MEDIUM,DRY,OPEN
2026-03-04 17:24:02,39.66,True,MEDIUM,WET,OPEN
2026-03-04 17:24:07,26.71,False,MEDIUM,WET,OPEN
2026-03-04 17:24:12,28.77,True,HIGH,DRY,OPEN
2026-03-04 17:24:17,33.47,True,LOW,MOIST,OPEN
2026-03-04 17:24:22,32.1,True,MEDIUM,DRY,OPEN
2026-03-04 17:24:27,35.98,False,LOW,WET,OPEN
2026-03-04 17:24:32,36.49,False,HIGH,WET,OPEN
2026-03-04 17:24:37,36.42,True,HIGH,DRY,OPEN
2026-03-04 17:24:42,38.08,False,MEDIUM,MOIST,OPEN
2026-03-04 17:24:47,32.64,True,LOW,DRY,OPEN
2026-03-04 17:24:52,37.89,True,LOW,DRY,OPEN
2026-03-04 17:24:57,28.68,False,HIGH,MOIST,OPEN
2026-03-04 17:25:02,31.58,False,LOW,MOIST,OPEN
2026-03-04 17:25:07,39.06,True,HIGH,MOIST,OPEN
2026-03-04 17:25:12,33.67,False,LOW,DRY,OPEN
2026-03-04 17:25:17,26.54,False,HIGH,WET,OPEN
2026-03-04 17:25:22,26.01,False,LOW,WET,OPEN
2026-03-04 17:25:27,31.13,True,HIGH,DRY,OPEN
2026-03-04 17:25:32,31.14,True,LOW,MOIST,OPEN
2026-03-04 17:25:37,30.25,True,HIGH,DRY,OPEN
2026-03-04 17:25:42,31.36,False,HIGH,WET,OPEN
2026-03-04 17:25:47,29.47,True,HIGH,MOIST,OPEN
2026-03-04 17:25:52,26.98,False,LOW,DRY,OPEN
2026-03-04 17:25:57,37.4,False,MEDIUM,DRY,OPEN
2026-03-04 17:26:02,38.81,False,HIGH,DRY,OPEN
2026-03-04 17:26:07,37.05,True,LOW,WET,OPEN
2026-03-04 17:26:12,34.36,False,HIGH,DRY,OPEN
2026-03-04 17:26:17,25.03,False,HIGH,MOIST,OPEN
2026-03-04 17:26:22,29.25,True,MEDIUM,MOIST,OPEN
2026-03-04 17:26:27,34.37,False,LOW,WET,OPEN
2026-03-04 17:26:32,34.55,False,MEDIUM,DRY,OPEN
2026-03-04 17:26:37,25.01,False,LOW,MOIST,OPEN
2026-03-04 17:26:42,32.65,False,LOW,DRY,OPEN
2026-03-04 17:26:47,35.74,True,MEDIUM,WET,OPEN
2026-03-04 17:26:52,28.56,True,MEDIUM,DRY,OPEN
2026-03-04 17:26:57,39.39,False,LOW,MOIST,OPEN
2026-03-04 17:27:02,29.45,False,MEDIUM,MOIST,OPEN
2026-03-04 17:27:07,26.82,False,MEDIUM,WET,OPEN
2026-03-04 17:27:12,32.93,True,HIGH,MOIST,OPEN
2026-03-04 17:27:17,26.34,True,MEDIUM,MOIST,OPEN
2026-03-04 17:27:22,28.27,True,LOW,MOIST,OPEN
2026-03-04 17:27:27,37.27,True,LOW,MOIST,OPEN
2026-03-04 17:27:32,31.16,True,HIGH,WET,OPEN
2026-03-04 17:27:37,33.22,True,MEDIUM,WET,OPEN
2026-03-04 17:27:42,26.09,True,MEDIUM,MOIST,OPEN
2026-03-04 17:27:47,29.29,False,LOW,DRY,OPEN
2026-03-04 17:27:52,26.8,False,HIGH,MOIST,OPEN
2026-03-04 17:27:57,33.16,False,LOW,DRY,OPEN
2026-03-04 17:28:02,34.44,True,LOW,DRY,OPEN
2026-03-04 17:28:07,26.13,False,LOW,MOIST,OPEN
2026-03-04 17:28:12,38.17,True,MEDIUM,DRY,OPEN
2026-03-04 17:28:17,33.71,True,MEDIUM,WET,OPEN
2026-03-04 17:28:22,30.72,False,MEDIUM,WET,OPEN
2026-03-04 17:28:27,33.88,False,MEDIUM,WET,OPEN
2026-03-04 17:28:32,37.4,False,HIGH,DRY,OPEN
2026-03-04 17:28:37,37.65,True,LOW,DRY,OPEN
2026-03-04 17:28:42,25.35,False,HIGH,MOIST,OPEN
2026-03-04 17:28:47,37.63,True,MEDIUM,DRY,OPEN
2026-03-04 17:28:52,38.31,False,MEDIUM,MOIST,OPEN
2026-03-04 17:28:57,28.26,True,LOW,DRY,OPEN
2026-03-04 17:29:02,28.54,False,HIGH,DRY,OPEN
2026-03-04 17:29:07,35.12,False,MEDIUM,WET,OPEN
2026-03-04 17:29:12,28.57,True,HIGH,MOIST,OPEN
2026-03-04 17:29:17,31.54,True,HIGH,WET,OPEN
2026-03-04 17:29:22,25.07,False,LOW,MOIST,OPEN
2026-03-04 17:29:28,26.76,False,HIGH,WET,OPEN
2026-03-04 17:29:33,28.28,True,MEDIUM,MOIST,OPEN
2026-03-04 17:29:38,36.92,True,LOW,WET,OPEN
2026-03-04 17:29:43,25.01,True,LOW,DRY,OPEN
2026-03-04 17:29:48,35.69,True,HIGH,WET,OPEN
2026-03-04 17:29:53,32.21,False,HIGH,DRY,OPEN
2026-03-04 17:29:58,27.46,True,LOW,MOIST,OPEN
2026-03-04 17:30:03,26.47,True,LOW,MOIST,OPEN
2026-03-04 17:30:08,29.0,True,HIGH,DRY,OPEN
2026-03-04 17:30:13,35.4,False,HIGH,WET,OPEN
2026-03-04 17:30:18,29.83,False,LOW,DRY,OPEN
2026-03-04 17:30:23,39.95,True,LOW,MOIST,OPEN
2026-03-04 17:30:28,27.5,False,LOW,WET,OPEN
2026-03-04 17:30:33,27.56,True,LOW,DRY,OPEN
2026-03-04 17:30:38,37.84,True,MEDIUM,MOIST,OPEN
2026-03-04 17:30:43,33.05,False,MEDIUM,WET,OPEN
2026-03-04 17:30:48,33.1,True,HIGH,DRY,OPEN
2026-03-04 17:30:53,29.46,True,LOW,WET,OPEN
2026-03-04 17:30:58,28.65,True,MEDIUM,MOIST,OPEN
2026-03-04 17:31:03,33.17,False,MEDIUM,MOIST,OPEN
2026-03-04 17:31:08,28.93,True,LOW,MOIST,OPEN
2026-03-04 17:31:13,31.38,True,HIGH,DRY,OPEN
2026-03-04 17:31:18,31.66,False,MEDIUM,MOIST,OPEN
2026-03-04 17:31:23,33.21,True,HIGH,WET,OPEN
2026-03-04 17:31:28,31.48,False,HIGH,MOIST,OPEN
2026-03-04 17:31:33,39.92,True,MEDIUM,WET,OPEN
2026-03-04 17:31:38,29.22,True,MEDIUM,WET,OPEN
2026-03-04 17:31:43,39.59,False,HIGH,MOIST,OPEN
2026-03-04 17:31:48,36.43,False,LOW,MOIST,OPEN
2026-03-04 17:31:53,37.27,True,HIGH,DRY,OPEN
2026-03-04 17:31:58,26.12,True,LOW,WET,OPEN
2026-03-04 17:32:03,38.4,True,MEDIUM,DRY,OPEN
2026-03-04 17:32:08,26.95,False,MEDIUM,WET,OPEN
2026-03-04 17:32:13,26.54,False,HIGH,DRY,OPEN
2026-03-04 17:32:18,36.3,True,MEDIUM,DRY,OPEN
2026-03-04 17:32:23,27.94,True,HIGH,DRY,OPEN
2026-03-04 17:32:28,26.45,False,MEDIUM,MOIST,OPEN
2026-03-04 17:32:33,28.84,False,HIGH,DRY,OPEN
2026-03-04 17:32:38,26.31,False,MEDIUM,DRY,OPEN
2026-03-04 17:32:43,31.88,True,LOW,WET,OPEN
2026-03-04 17:32:48,25.26,False,HIGH,WET,OPEN
2026-03-04 17:32:53,31.84,True,LOW,MOIST,OPEN
2026-03-04 17:32:58,31.73,True,LOW,WET,OPEN
2026-03-04 17:33:03,30.85,False,MEDIUM,WET,OPEN
2026-03-04 17:33:08,36.79,False,LOW,MOIST,OPEN
2026-03-04 17:33:13,25.95,False,HIGH,WET,OPEN
2026-03-04 17:33:18,37.59,True,HIGH,MOIST,OPEN
2026-03-04 17:33:23,39.76,True,MEDIUM,WET,OPEN
2026-03-04 17:33:28,38.51,True,HIGH,DRY,OPEN
2026-03-04 17:33:33,33.07,False,HIGH,WET,OPEN
2026-03-04 17:33:38,32.02,False,LOW,MOIST,OPEN
2026-03-04 17:33:43,38.44,True,HIGH,MOIST,OPEN
2026-03-04 17:33:48,26.29,True,MEDIUM,DRY,OPEN
2026-03-04 17:33:53,37.54,True,HIGH,MOIST,OPEN
2026-03-04 17:33:58,37.12,False,HIGH,MOIST,OPEN
2026-03-04 17:34:03,32.68,True,MEDIUM,WET,OPEN
2026-03-04 17:34:08,33.88,True,MEDIUM,MOIST,OPEN
2026-03-04 17:34:13,37.31,True,MEDIUM,DRY,OPEN
2026-03-04 17:34:18,30.75,True,MEDIUM,MOIST,OPEN
2026-03-04 17:34:23,29.41,True,HIGH,WET,OPEN
2026-03-04 17:34:28,30.28,True,MEDIUM,MOIST,OPEN
2026-03-04 17:34:33,38.11,False,MEDIUM,MOIST,OPEN
2026-03-04 17:34:38,33.41,True,HIGH,WET,OPEN
2026-03-04 17:34:43,25.28,False,LOW,DRY,OPEN
2026-03-04 17:34:48,37.21,False,LOW,WET,OPEN
2026-03-04 17:34:54,29.29,False,HIGH,DRY,OPEN
2026-03-04 17:34:59,34.95,False,LOW,MOIST,OPEN
2026-03-04 17:35:04,38.55,False,LOW,DRY,OPEN
2026-03-04 17:35:09,36.02,False,LOW,DRY,OPEN
2026-03-04 17:35:14,29.43,False,LOW,MOIST,OPEN
2026-03-04 17:35:19,27.78,True,LOW,WET,OPEN
2026-03-04 17:35:24,25.58,True,MEDIUM,WET,OPEN
2026-03-04 17:35:29,29.15,False,HIGH,MOIST,OPEN
2026-03-04 17:35:34,35.29,False,LOW,DRY,OPEN
2026-03-04 17:35:39,39.87,False,LOW,DRY,OPEN
2026-03-04 17:35:44,30.24,True,LOW,WET,OPEN
2026-03-04 17:35:49,35.39,False,LOW,MOIST,OPEN
2026-03-04 17:35:54,29.32,False,MEDIUM,WET,OPEN
2026-03-04 17:35:59,34.26,False,HIGH,DRY,OPEN
2026-03-04 17:36:04,34.22,True,LOW,WET,OPEN
2026-03-04 17:36:09,37.65,True,HIGH,WET,OPEN
2026-03-04 17:36:14,38.92,True,LOW,WET,OPEN
2026-03-04 17:36:19,39.6,True,HIGH,MOIST,OPEN
2026-03-04 17:36:24,32.33,True,HIGH,WET,OPEN
2026-03-04 17:36:29,25.74,True,HIGH,WET,OPEN
2026-03-04 17:36:34,26.23,False,LOW,WET,OPEN
2026-03-04 17:36:39,31.21,False,MEDIUM,DRY,OPEN
2026-03-04 17:36:44,38.6,True,MEDIUM,WET,OPEN
2026-03-04 17:36:49,26.28,False,LOW,WET,OPEN
2026-03-04 17:36:54,30.81,True,LOW,WET,OPEN
2026-03-04 17:36:59,38.99,False,HIGH,WET,OPEN
2026-03-04 17:37:04,25.29,False,LOW,DRY,OPEN
2026-03-04 17:37:09,29.77,False,MEDIUM,DRY,OPEN
2026-03-04 17:37:14,33.99,True,MEDIUM,DRY,OPEN
2026-03-04 17:37:19,39.92,False,MEDIUM,MOIST,OPEN
2026-03-04 17:37:24,35.38,False,HIGH,DRY,OPEN
2026-03-04 17:37:29,37.56,True,HIGH,DRY,OPEN
2026-03-04 17:37:34,29.01,False,LOW,MOIST,OPEN
2026-03-04 17:37:39,29.98,False,HIGH,DRY,OPEN
2026-03-04 17:37:44,27.13,False,LOW,WET,OPEN
2026-03-04 17:37:49,33.11,True,LOW,DRY,OPEN
2026-03-04 17:37:54,28.63,True,HIGH,WET,OPEN
2026-03-04 17:37:59,31.48,True,HIGH,WET,OPEN
2026-03-04 17:38:04,33.21,True,MEDIUM,WET,OPEN
2026-03-04 17:38:09,38.47,True,HIGH,DRY,OPEN
2026-03-04 17:38:14,36.49,False,HIGH,MOIST,OPEN
2026-03-04 17:38:19,29.75,False,MEDIUM,WET,OPEN
2026-03-04 17:38:24,38.17,False,LOW,DRY,OPEN
2026-03-04 17:38:29,29.92,True,HIGH,WET,OPEN
2026-03-04 17:38:34,36.73,True,HIGH,DRY,OPEN
2026-03-04 17:38:39,36.18,False,HIGH,WET,OPEN
2026-03-04 17:38:44,37.33,False,HIGH,MOIST,OPEN
2026-03-04 17:38:49,31.14,True,MEDIUM,MOIST,OPEN
2026-03-04 17:38:54,27.18,False,MEDIUM,WET,OPEN
2026-03-04 17:38:59,27.82,True,MEDIUM,DRY,OPEN
2026-03-04 17:39:04,36.42,False,LOW,WET,OPEN
2026-03-04 17:39:09,27.99,False,HIGH,MOIST,OPEN
2026-03-04 17:39:14,37.33,False,LOW,WET,OPEN
2026-03-04 17:39:19,28.02,True,MEDIUM,DRY,OPEN
2026-03-04 17:39:24,28.19,True,MEDIUM,WET,OPEN
2026-03-04 17:39:29,35.3,True,MEDIUM,DRY,OPEN
2026-03-04 17:39:34,25.89,True,MEDIUM,WET,OPEN
2026-03-04 17:39:39,28.08,False,LOW,WET,OPEN
2026-03-04 17:39:44,30.11,True,HIGH,WET,OPEN
2026-03-04 17:39:49,26.34,False,HIGH,MOIST,OPEN
2026-03-04 17:39:54,30.88,False,MEDIUM,WET,OPEN
2026-03-04 17:39:59,39.41,False,MEDIUM,DRY,OPEN
2026-03-04 17:40:04,31.1,False,HIGH,WET,OPEN
2026-03-04 17:40:09,28.34,False,MEDIUM,MOIST,OPEN
2026-03-04 17:40:14,33.67,True,HIGH,MOIST,OPEN
2026-03-04 17:40:19,28.94,False,HIGH,WET,OPEN
2026-03-04 17:40:24,33.5,True,HIGH,DRY,OPEN
2026-03-04 17:40:29,33.32,True,LOW,MOIST,OPEN
2026-03-04 17:40:34,34.24,False,HIGH,MOIST,OPEN
2026-03-04 17:40:39,34.1,False,MEDIUM,DRY,OPEN
2026-03-04 17:40:44,37.79,False,HIGH,DRY,OPEN
2026-03-04 17:40:50,32.47,True,HIGH,DRY,OPEN
2026-03-04 17:40:55,36.27,True,MEDIUM,WET,OPEN
2026-03-04 17:41:00,35.95,True,MEDIUM,DRY,OPEN
2026-03-04 17:41:05,25.88,True,MEDIUM,MOIST,OPEN
2026-03-04 17:41:10,30.74,True,MEDIUM,WET,OPEN
2026-03-04 17:41:15,28.14,False,MEDIUM,DRY,OPEN
2026-03-04 17:41:20,33.84,False,HIGH,WET,OPEN
2026-03-04 17:41:25,38.83,False,LOW,WET,OPEN
2026-03-04 17:41:30,36.38,False,MEDIUM,WET,OPEN
2026-03-04 17:41:35,31.15,True,MEDIUM,WET,OPEN
2026-03-04 17:41:40,38.6,False,HIGH,WET,OPEN
2026-03-04 17:41:45,31.8,False,HIGH,MOIST,OPEN
2026-03-04 17:41:50,39.5,True,MEDIUM,DRY,OPEN
2026-03-04 17:41:55,27.96,True,LOW,MOIST,OPEN
2026-03-04 17:42:00,29.37,False,MEDIUM,WET,OPEN
2026-03-04 17:42:05,31.81,False,LOW,DRY,OPEN
2026-03-04 17:42:10,26.64,True,LOW,WET,OPEN
2026-03-04 17:42:15,39.97,True,LOW,WET,OPEN
2026-03-04 17:42:20,35.54,False,HIGH,WET,OPEN
2026-03-04 17:42:25,35.6,False,LOW,DRY,OPEN
2026-03-04 17:42:30,32.91,True,LOW,MOIST,OPEN
2026-03-04 17:42:35,30.97,False,LOW,MOIST,OPEN
2026-03-04 17:42:40,26.39,False,MEDIUM,WET,OPEN
2026-03-04 17:42:45,28.15,True,HIGH,WET,OPEN
2026-03-04 17:42:50,31.23,True,HIGH,DRY,OPEN
2026-03-04 17:42:55,30.23,False,MEDIUM,MOIST,OPEN
2026-03-04 17:43:00,37.34,True,HIGH,DRY,OPEN
2026-03-04 17:43:05,27.72,True,MEDIUM,DRY,OPEN
2026-03-04 17:43:10,27.07,False,LOW,WET,OPEN
2026-03-04 17:43:15,31.78,False,MEDIUM,WET,OPEN
2026-03-04 17:43:20,26.05,False,LOW,WET,OPEN
2026-03-04 17:43:25,36.07,True,LOW,WET,OPEN
2026-03-04 17:43:30,25.08,True,HIGH,WET,OPEN
2026-03-04 17:43:35,34.25,True,MEDIUM,DRY,OPEN
2026-03-04 17:43:40,34.92,True,LOW,MOIST,OPEN
2026-03-04 17:43:45,39.83,True,MEDIUM,WET,OPEN
2026-03-04 17:43:50,28.44,True,HIGH,DRY,OPEN
2026-03-04 17:43:55,32.48,True,MEDIUM,MOIST,OPEN
2026-03-04 17:44:00,36.22,False,LOW,MOIST,OPEN
2026-03-04 17:44:05,30.07,False,HIGH,MOIST,OPEN
2026-03-04 17:44:10,29.5,True,HIGH,DRY,OPEN
2026-03-04 17:44:15,38.76,True,LOW,WET,OPEN
2026-03-04 17:44:20,34.78,True,HIGH,DRY,OPEN
2026-03-04 17:44:25,31.71,False,MEDIUM,MOIST,OPEN
2026-03-04 17:44:30,25.26,True,HIGH,WET,OPEN
2026-03-04 17:44:35,29.97,True,HIGH,DRY,OPEN
2026-03-04 17:44:40,31.57,False,MEDIUM,MOIST,OPEN
2026-03-04 17:44:45,37.67,True,HIGH,WET,OPEN
2026-03-04 17:44:50,25.89,True,LOW,MOIST,OPEN
2026-03-04 17:44:55,35.34,True,MEDIUM,WET,OPEN
2026-03-04 17:45:00,37.35,True,HIGH,DRY,OPEN
2026-03-04 17:45:05,32.36,False,MEDIUM,WET,OPEN
2026-03-04 17:45:10,31.91,False,MEDIUM,DRY,OPEN
2026-03-04 17:45:15,30.08,True,HIGH,MOIST,OPEN
2026-03-04 17:45:20,33.71,True,MEDIUM,WET,OPEN
2026-03-04 17:45:25,28.21,True,HIGH,DRY,OPEN
2026-03-04 17:45:30,29.79,False,HIGH,WET,OPEN
2026-03-04 17:45:35,39.67,False,HIGH,DRY,OPEN
2026-03-04 17:45:40,33.3,True,MEDIUM,DRY,OPEN
2026-03-04 17:45:45,39.96,True,MEDIUM,DRY,OPEN
2026-03-04 17:45:50,36.88,True,HIGH,MOIST,OPEN
2026-03-04 17:45:55,25.01,False,HIGH,DRY,OPEN
2026-03-04 17:46:00,32.96,False,MEDIUM,WET,OPEN
2026-03-04 17:46:05,25.17,False,LOW,WET,OPEN
2026-03-04 17:46:10,36.87,False,LOW,WET,OPEN
2026-03-04 17:46:16,33.85,False,HIGH,DRY,OPEN
2026-03-04 17:46:21,27.78,False,LOW,MOIST,OPEN
2026-03-04 17:46:26,39.68,True,LOW,DRY,OPEN
2026-03-04 17:46:31,32.04,False,MEDIUM,DRY,OPEN
2026-03-04 17:46:36,27.52,True,LOW,MOIST,OPEN
2026-03-04 17:46:41,29.27,True,MEDIUM,DRY,OPEN
2026-03-04 17:46:46,28.25,False,LOW,WET,OPEN
2026-03-04 17:46:51,27.35,True,LOW,MOIST,OPEN
2026-03-04 17:46:56,33.2,True,HIGH,WET,OPEN
2026-03-04 17:47:01,26.75,False,LOW,DRY,OPEN
2026-03-04 17:47:06,31.33,True,HIGH,DRY,OPEN
2026-03-04 17:47:11,25.2,False,HIGH,WET,OPEN
2026-03-04 17:47:16,25.51,False,HIGH,MOIST,OPEN
2026-03-04 17:47:21,25.81,True,LOW,WET,OPEN
2026-03-04 17:47:26,37.31,True,LOW,WET,OPEN
2026-03-04 17:47:31,37.21,True,MEDIUM,DRY,OPEN
2026-03-04 17:47:36,35.33,True,MEDIUM,DRY,OPEN
2026-03-04 17:47:41,38.05,False,MEDIUM,DRY,OPEN
2026-03-04 17:47:46,34.88,False,HIGH,DRY,OPEN
2026-03-04 17:47:51,37.88,True,MEDIUM,DRY,OPEN
2026-03-04 17:47:56,39.71,True,MEDIUM,MOIST,OPEN
2026-03-04 17:48:01,32.91,True,MEDIUM,MOIST,OPEN
2026-03-04 17:48:06,36.57,False,LOW,WET,OPEN
2026-03-04 17:48:11,25.91,True,HIGH,WET,OPEN
2026-03-04 17:48:16,35.83,False,MEDIUM,WET,OPEN
2026-03-04 17:48:21,32.47,True,HIGH,WET,OPEN
2026-03-04 17:48:26,26.05,False,HIGH,DRY,OPEN
2026-03-04 17:48:31,28.53,False,HIGH,MOIST,OPEN
2026-03-04 17:48:36,33.88,False,MEDIUM,WET,OPEN
2026-03-04 17:48:41,35.18,False,MEDIUM,WET,OPEN
2026-03-04 17:48:46,37.05,True,MEDIUM,WET,OPEN
2026-03-04 17:48:51,37.71,True,LOW,MOIST,OPEN
2026-03-04 17:48:56,27.57,True,LOW,MOIST,OPEN
2026-03-04 17:49:01,35.95,True,HIGH,DRY,OPEN
2026-03-04 17:49:06,28.1,True,LOW,MOIST,OPEN
2026-03-04 17:49:11,29.28,True,HIGH,MOIST,OPEN
2026-03-04 17:49:16,25.05,True,MEDIUM,DRY,OPEN
2026-03-04 17:49:21,30.33,True,LOW,DRY,OPEN
2026-03-04 17:49:26,28.5,True,MEDIUM,MOIST,OPEN
2026-03-04 17:49:31,31.18,False,MEDIUM,WET,OPEN
2026-03-04 17:49:36,35.06,False,MEDIUM,DRY,OPEN
2026-03-04 17:49:41,37.29,False,LOW,DRY,OPEN
2026-03-04 17:49:46,30.11,False,HIGH,MOIST,OPEN
2026-03-04 17:49:51,38.52,True,MEDIUM,DRY,OPEN
2026-03-04 17:49:56,36.76,False,MEDIUM,DRY,OPEN
2026-03-04 17:50:01,34.21,False,MEDIUM,WET,OPEN
2026-03-04 17:50:06,26.68,True,LOW,WET,OPEN
2026-03-04 17:50:11,35.22,False,LOW,MOIST,OPEN
2026-03-04 17:50:16,37.46,True,HIGH,WET,OPEN
2026-03-04 17:50:21,34.39,False,MEDIUM,WET,OPEN
2026-03-04 17:50:26,32.95,True,HIGH,DRY,OPEN
2026-03-04 17:50:31,36.08,False,LOW,WET,OPEN
2026-03-04 17:50:36,29.83,True,MEDIUM,WET,OPEN
2026-03-04 17:50:41,38.73,True,LOW,DRY,OPEN
2026-03-04 17:50:46,34.47,False,HIGH,WET,OPEN
2026-03-04 17:50:51,26.34,False,MEDIUM,MOIST,OPEN
2026-03-04 17:50:56,26.4,False,LOW,MOIST,OPEN
2026-03-04 17:51:01,39.67,True,HIGH,WET,OPEN
2026-03-04 17:51:06,35.57,False,MEDIUM,WET,OPEN
2026-03-04 17:51:11,27.33,True,HIGH,WET,OPEN
2026-03-04 17:51:16,36.76,False,LOW,WET,OPEN
2026-03-04 17:51:21,30.08,False,LOW,DRY,OPEN
2026-03-04 17:51:26,31.51,True,MEDIUM,MOIST,OPEN
2026-03-04 17:51:31,38.4,False,HIGH,MOIST,OPEN
2026-03-04 17:51:36,32.48,False,HIGH,WET,OPEN
2026-03-04 17:51:41,29.99,True,HIGH,DRY,OPEN
2026-03-04 17:51:46,37.0,True,HIGH,DRY,OPEN
2026-03-04 17:51:52,36.32,False,MEDIUM,MOIST,OPEN
2026-03-04 17:51:57,25.1,True,HIGH,DRY,OPEN
2026-03-04 17:52:02,34.07,True,LOW,MOIST,OPEN
2026-03-04 17:52:07,35.55,False,MEDIUM,WET,OPEN
2026-03-04 17:52:12,27.99,True,LOW,DRY,OPEN
2026-03-04 17:52:17,34.59,False,MEDIUM,MOIST,OPEN
2026-03-04 17:52:22,36.33,True,LOW,DRY,OPEN
2026-03-04 17:52:27,28.2,False,LOW,WET,OPEN
2026-03-04 17:52:32,32.35,False,HIGH,DRY,OPEN
2026-03-04 17:52:37,33.66,True,MEDIUM,DRY,OPEN
2026-03-04 17:52:42,32.79,False,LOW,DRY,OPEN
2026-03-04 17:52:47,34.4,False,LOW,MOIST,OPEN
2026-03-04 17:52:52,30.16,True,HIGH,WET,OPEN
2026-03-04 17:52:57,29.1,False,MEDIUM,WET,OPEN
2026-03-04 17:53:02,34.29,False,LOW,MOIST,OPEN
2026-03-04 17:53:07,32.54,False,LOW,MOIST,OPEN
2026-03-04 17:53:12,28.85,True,HIGH,WET,OPEN
2026-03-04 17:53:17,31.11,False,MEDIUM,DRY,OPEN
2026-03-04 17:53:22,35.31,True,HIGH,WET,OPEN
2026-03-04 17:53:27,33.64,False,MEDIUM,MOIST,OPEN
2026-03-04 17:53:32,26.44,False,MEDIUM,DRY,OPEN
2026-03-04 17:53:37,25.61,True,HIGH,WET,OPEN
2026-03-04 17:53:42,27.54,True,HIGH,MOIST,OPEN
2026-03-04 17:53:47,36.39,True,HIGH,MOIST,OPEN
2026-03-04 17:53:52,25.78,True,HIGH,DRY,OPEN
2026-03-04 17:53:57,37.57,False,HIGH,DRY,OPEN
2026-03-04 17:54:02,34.52,False,HIGH,WET,OPEN
2026-03-04 17:54:07,38.1,True,LOW,MOIST,OPEN
2026-03-04 17:54:12,29.39,False,MEDIUM,MOIST,OPEN
2026-03-04 17:54:17,25.87,False,HIGH,DRY,OPEN
2026-03-04 17:54:22,32.66,True,HIGH,DRY,OPEN
2026-03-04 17:54:27,31.47,False,LOW,WET,OPEN
2026-03-04 17:54:32,37.15,False,MEDIUM,DRY,OPEN
2026-03-04 17:54:37,30.95,False,MEDIUM,DRY,OPEN
2026-03-04 17:54:42,36.85,False,MEDIUM,MOIST,OPEN
2026-03-04 17:54:47,37.0,True,HIGH,MOIST,OPEN
2026-03-04 17:54:52,37.83,True,MEDIUM,DRY,OPEN
2026-03-04 17:54:57,29.39,True,LOW,DRY,OPEN
2026-03-04 17:55:02,33.27,True,LOW,WET,OPEN
2026-03-04 17:55:07,28.36,True,LOW,DRY,OPEN
2026-03-04 17:55:12,28.01,True,HIGH,MOIST,OPEN
2026-03-04 17:55:17,38.71,False,HIGH,MOIST,OPEN
2026-03-04 17:55:22,28.5,True,MEDIUM,WET,OPEN
2026-03-04 17:55:27,30.2,False,HIGH,MOIST,OPEN
2026-03-04 17:55:32,38.65,False,HIGH,MOIST,OPEN
2026-03-04 17:55:37,33.4,True,MEDIUM,WET,OPEN
2026-03-04 17:55:42,30.02,False,HIGH,WET,OPEN
2026-03-04 17:55:47,31.44,True,LOW,WET,OPEN
2026-03-04 17:55:52,33.55,False,MEDIUM,MOIST,OPEN
2026-03-04 17:55:57,39.92,False,LOW,WET,OPEN
2026-03-04 17:56:02,29.97,True,MEDIUM,MOIST,OPEN
2026-03-04 17:56:07,27.3,True,LOW,MOIST,OPEN
2026-03-04 17:56:12,39.64,False,HIGH,MOIST,OPEN
2026-03-04 17:56:17,35.83,True,LOW,MOIST,OPEN
2026-03-04 17:56:22,35.58,True,MEDIUM,WET,OPEN
2026-03-04 17:56:27,38.96,False,LOW,WET,OPEN
2026-03-04 17:56:32,29.82,True,HIGH,MOIST,OPEN
2026-03-04 17:56:37,36.0,False,HIGH,DRY,OPEN
2026-03-04 17:56:42,30.77,False,MEDIUM,DRY,OPEN
2026-03-04 17:56:47,39.12,True,MEDIUM,MOIST,OPEN
2026-03-04 17:56:52,32.09,False,LOW,DRY,OPEN
2026-03-04 17:56:57,30.95,True,LOW,DRY,OPEN
2026-03-04 17:57:02,34.37,False,LOW,DRY,OPEN
2026-03-04 17:57:07,26.5,True,HIGH,MOIST,OPEN
2026-03-04 17:57:12,38.34,True,MEDIUM,DRY,OPEN
2026-03-04 17:57:17,26.75,True,LOW,MOIST,OPEN
2026-03-04 17:57:22,27.71,True,HIGH,MOIST,OPEN
2026-03-04 17:57:27,39.56,True,HIGH,DRY,OPEN
2026-03-04 17:57:32,39.47,True,LOW,DRY,OPEN
2026-03-04 17:57:37,36.9,False,MEDIUM,DRY,OPEN
2026-03-04 17:57:42,30.52,False,LOW,WET,OPEN
2026-03-04 17:57:47,37.34,True,LOW,WET,OPEN
2026-03-04 17:57:52,35.52,False,HIGH,DRY,OPEN
2026-03-04 17:57:57,26.81,False,MEDIUM,WET,OPEN
2026-03-04 17:58:02,35.25,True,LOW,WET,OPEN
2026-03-04 17:58:07,37.7,True,LOW,MOIST,OPEN
2026-03-04 17:58:13,35.66,True,LOW,DRY,OPEN
2026-03-04 17:58:18,32.99,True,MEDIUM,WET,OPEN
2026-03-04 17:58:23,34.73,True,HIGH,WET,OPEN
2026-03-04 17:58:28,26.61,True,MEDIUM,MOIST,OPEN
2026-03-04 17:58:33,37.51,False,LOW,DRY,OPEN
2026-03-04 17:58:38,33.43,False,LOW,WET,OPEN
2026-03-04 17:58:43,31.39,False,MEDIUM,DRY,OPEN
2026-03-04 17:58:48,26.59,True,MEDIUM,WET,OPEN
2026-03-04 17:58:53,30.04,False,HIGH,MOIST,OPEN
2026-03-04 17:58:58,33.52,False,MEDIUM,DRY,OPEN
2026-03-04 17:59:03,39.74,False,LOW,WET,OPEN
2026-03-04 17:59:08,31.58,False,MEDIUM,WET,OPEN
2026-03-04 17:59:13,31.02,False,LOW,WET,OPEN
2026-03-04 17:59:18,34.64,False,LOW,WET,OPEN
2026-03-04 17:59:23,28.82,True,HIGH,DRY,OPEN
2026-03-04 17:59:28,30.55,True,MEDIUM,WET,OPEN
2026-03-04 17:59:33,38.24,True,LOW,WET,OPEN
2026-03-04 17:59:38,36.49,False,HIGH,WET,OPEN
2026-03-04 17:59:43,33.73,False,HIGH,MOIST,OPEN
2026-03-04 17:59:48,36.83,False,MEDIUM,WET,OPEN
2026-03-04 17:59:53,30.98,True,LOW,DRY,OPEN
2026-03-04 17:59:58,29.12,True,HIGH,MOIST,OPEN
2026-03-04 18:00:03,37.3,False,LOW,MOIST,OPEN
2026-03-04 18:00:08,25.75,True,MEDIUM,MOIST,OPEN
2026-03-04 18:00:13,33.03,False,MEDIUM,MOIST,OPEN
2026-03-04 18:00:18,27.82,True,HIGH,WET,OPEN
2026-03-04 18:00:23,27.05,True,LOW,MOIST,OPEN
2026-03-04 18:00:28,38.67,True,LOW,DRY,OPEN
2026-03-04 18:00:33,39.14,True,HIGH,WET,OPEN
2026-03-04 18:00:38,36.22,True,LOW,DRY,OPEN
2026-03-04 18:00:43,26.34,False,LOW,DRY,OPEN
2026-03-04 18:00:48,26.63,False,HIGH,MOIST,OPEN
2026-03-04 18:00:53,32.34,True,LOW,MOIST,OPEN
2026-03-04 18:00:58,28.1,False,MEDIUM,WET,OPEN
2026-03-04 18:01:03,25.57,False,HIGH,MOIST,OPEN
2026-03-04 18:01:08,25.41,False,LOW,DRY,OPEN
2026-03-04 18:01:13,26.78,True,HIGH,MOIST,OPEN
2026-03-04 18:01:18,36.04,True,MEDIUM,WET,OPEN
2026-03-04 18:01:23,34.62,True,LOW,DRY,OPEN
2026-03-04 18:01:28,36.18,False,LOW,DRY,OPEN
2026-03-04 18:01:33,31.28,True,MEDIUM,DRY,OPEN
2026-03-04 18:01:38,39.02,False,HIGH,MOIST,OPEN
